date,TB3MS,T10Y2Y,BAA10Y
2014-01-01,0.04,,
2014-01-02,0.04,2.61,2.34
2014-01-03,0.04,2.6,2.34
2014-01-06,0.04,2.58,2.32
2014-01-07,0.04,2.56,2.32
2014-01-08,0.04,2.58,2.31
2014-01-09,0.04,2.53,2.31
2014-01-10,0.04,2.49,2.32
2014-01-13,0.04,2.45,2.34
2014-01-14,0.04,2.49,2.34
2014-01-15,0.04,2.49,2.32
2014-01-16,0.04,2.45,2.32
2014-01-17,0.04,2.44,2.33
2014-01-20,0.04,2.44,2.33
2014-01-21,0.04,2.45,2.3
2014-01-22,0.04,2.43,2.3
2014-01-23,0.04,2.4,2.32
2014-01-24,0.04,2.38,2.35
2014-01-27,0.04,2.41,2.36
2014-01-28,0.04,2.39,2.35
2014-01-29,0.04,2.33,2.38
2014-01-30,0.04,2.36,2.36
2014-01-31,0.04,2.33,2.4
2014-02-01,0.05,2.33,2.4
2014-02-03,0.05,2.31,2.39
2014-02-04,0.05,2.33,2.41
2014-02-05,0.05,2.38,2.42
2014-02-06,0.05,2.4,2.4
2014-02-07,0.05,2.41,2.42
2014-02-10,0.05,2.38,2.42
2014-02-11,0.05,2.4,2.39
2014-02-12,0.05,2.45,2.36
2014-02-13,0.05,2.41,2.39
2014-02-14,0.05,2.43,2.38
2014-02-17,0.05,2.43,2.38
2014-02-18,0.05,2.4,2.4
2014-02-19,0.05,2.4,2.41
2014-02-20,0.05,2.42,2.39
2014-02-21,0.05,2.4,2.38
2014-02-24,0.05,2.4,2.38
2014-02-25,0.05,2.36,2.38
2014-02-26,0.05,2.34,2.38
2014-02-27,0.05,2.32,2.36
2014-02-28,0.05,2.33,2.35
2014-03-01,0.05,2.33,2.35
2014-03-03,0.05,2.28,2.37
2014-03-04,0.05,2.37,2.35
2014-03-05,0.05,2.37,2.36
2014-03-06,0.05,2.37,2.37
2014-03-07,0.05,2.42,2.34
2014-03-10,0.05,2.42,2.36
2014-03-11,0.05,2.4,2.37
2014-03-12,0.05,2.36,2.38
2014-03-13,0.05,2.32,2.39
2014-03-14,0.05,2.29,2.4
2014-03-17,0.05,2.32,2.4
2014-03-18,0.05,2.32,2.42
2014-03-19,0.05,2.31,2.37
2014-03-20,0.05,2.34,2.34
2014-03-21,0.05,2.3,2.32
2014-03-24,0.05,2.27,2.29
2014-03-25,0.05,2.28,2.28
2014-03-26,0.05,2.26,2.28
2014-03-27,0.05,2.24,2.26
2014-03-28,0.05,2.28,2.25
2014-03-31,0.05,2.29,2.26
2014-04-01,0.03,2.33,2.26
2014-04-02,0.03,2.35,2.25
2014-04-03,0.03,2.34,2.24
2014-04-04,0.03,2.31,2.25
2014-04-07,0.03,2.3,2.24
2014-04-08,0.03,2.29,2.26
2014-04-09,0.03,2.34,2.25
2014-04-10,0.03,2.28,2.24
2014-04-11,0.03,2.26,2.23
2014-04-14,0.03,2.28,2.22
2014-04-15,0.03,2.25,2.2
2014-04-16,0.03,2.26,2.19
2014-04-17,0.03,2.3,2.16
2014-04-18,0.03,2.3,2.16
2014-04-21,0.03,2.31,2.18
2014-04-22,0.03,2.28,2.15
2014-04-23,0.03,2.27,2.15
2014-04-24,0.03,2.27,2.14
2014-04-25,0.03,2.25,2.13
2014-04-28,0.03,2.26,2.13
2014-04-29,0.03,2.27,2.15
2014-04-30,0.03,2.25,2.16
2014-05-01,0.03,2.22,2.14
2014-05-02,0.03,2.18,2.14
2014-05-05,0.03,2.2,2.15
2014-05-06,0.03,2.18,2.15
2014-05-07,0.03,2.21,2.16
2014-05-08,0.03,2.21,2.18
2014-05-09,0.03,2.22,2.21
2014-05-12,0.03,2.25,2.2
2014-05-13,0.03,2.22,2.21
2014-05-14,0.03,2.15,2.2
2014-05-15,0.03,2.12,2.22
2014-05-16,0.03,2.14,2.2
2014-05-19,0.03,2.18,2.22
2014-05-20,0.03,2.17,2.23
2014-05-21,0.03,2.17,2.26
2014-05-22,0.03,2.19,2.25
2014-05-23,0.03,2.17,2.24
2014-05-26,0.03,2.17,2.24
2014-05-27,0.03,2.13,2.23
2014-05-28,0.03,2.07,2.23
2014-05-29,0.03,2.08,2.24
2014-05-30,0.03,2.11,2.22
2014-06-01,0.04,2.11,2.22
2014-06-02,0.04,2.15,2.22
2014-06-03,0.04,2.19,2.22
2014-06-04,0.04,2.2,2.23
2014-06-05,0.04,2.19,2.24
2014-06-06,0.04,2.19,2.23
2014-06-09,0.04,2.19,2.22
2014-06-10,0.04,2.19,2.21
2014-06-11,0.04,2.21,2.2
2014-06-12,0.04,2.16,2.21
2014-06-13,0.04,2.15,2.19
2014-06-16,0.04,2.12,2.17
2014-06-17,0.04,2.15,2.17
2014-06-18,0.04,2.13,2.19
2014-06-19,0.04,2.16,2.19
2014-06-20,0.04,2.13,2.2
2014-06-23,0.04,2.15,2.19
2014-06-24,0.04,2.1,2.18
2014-06-25,0.04,2.09,2.18
2014-06-26,0.04,2.07,2.18
2014-06-27,0.04,2.09,2.2
2014-06-30,0.04,2.06,2.18
2014-07-01,0.03,2.11,2.19
2014-07-02,0.03,2.15,2.2
2014-07-03,0.03,2.13,2.21
2014-07-04,0.03,2.13,2.21
2014-07-07,0.03,2.11,2.18
2014-07-08,0.03,2.07,2.18
2014-07-09,0.03,2.06,2.17
2014-07-10,0.03,2.09,2.2
2014-07-11,0.03,2.05,2.2
2014-07-14,0.03,2.07,2.21
2014-07-15,0.03,2.07,2.2
2014-07-16,0.03,2.05,2.19
2014-07-17,0.03,2.0,2.22
2014-07-18,0.03,1.99,2.2
2014-07-21,0.03,1.98,2.19
2014-07-22,0.03,1.99,2.19
2014-07-23,0.03,1.98,2.2
2014-07-24,0.03,1.99,2.2
2014-07-25,0.03,1.95,2.19
2014-07-28,0.03,1.96,2.19
2014-07-29,0.03,1.93,2.18
2014-07-30,0.03,2.01,2.17
2014-07-31,0.03,2.05,2.17
2014-08-01,0.03,2.05,2.23
2014-08-04,0.03,2.04,2.24
2014-08-05,0.03,2.02,2.25
2014-08-06,0.03,2.01,2.26
2014-08-07,0.03,1.99,2.28
2014-08-08,0.03,1.99,2.27
2014-08-11,0.03,1.97,2.28
2014-08-12,0.03,2.01,2.29
2014-08-13,0.03,2.0,2.31
2014-08-14,0.03,1.98,2.29
2014-08-15,0.03,1.92,2.29
2014-08-18,0.03,1.95,2.31
2014-08-19,0.03,1.94,2.33
2014-08-20,0.03,1.94,2.3
2014-08-21,0.03,1.92,2.28
2014-08-22,0.03,1.87,2.26
2014-08-25,0.03,1.86,2.25
2014-08-26,0.03,1.87,2.26
2014-08-27,0.03,1.86,2.24
2014-08-28,0.03,1.84,2.23
2014-08-29,0.03,1.87,2.23
2014-09-01,0.02,1.87,2.23
2014-09-02,0.02,1.89,2.25
2014-09-03,0.02,1.89,2.24
2014-09-04,0.02,1.91,2.25
2014-09-05,0.02,1.94,2.29
2014-09-08,0.02,1.94,2.26
2014-09-09,0.02,1.94,2.25
2014-09-10,0.02,1.96,2.26
2014-09-11,0.02,1.96,2.25
2014-09-12,0.02,2.04,2.27
2014-09-15,0.02,2.02,2.28
2014-09-16,0.02,2.05,2.3
2014-09-17,0.02,2.03,2.29
2014-09-18,0.02,2.04,2.28
2014-09-19,0.02,2.0,2.26
2014-09-22,0.02,1.99,2.27
2014-09-23,0.02,1.97,2.26
2014-09-24,0.02,1.98,2.27
2014-09-25,0.02,1.96,2.27
2014-09-26,0.02,1.95,2.27
2014-09-29,0.02,1.92,2.27
2014-09-30,0.02,1.94,2.29
2014-10-01,0.02,1.89,2.31
2014-10-02,0.02,1.91,2.32
2014-10-03,0.02,1.88,2.29
2014-10-06,0.02,1.89,2.3
2014-10-07,0.02,1.84,2.3
2014-10-08,0.02,1.89,2.32
2014-10-09,0.02,1.88,2.34
2014-10-10,0.02,1.86,2.36
2014-10-13,0.02,1.86,2.36
2014-10-14,0.02,1.82,2.39
2014-10-15,0.02,1.81,2.44
2014-10-16,0.02,1.82,2.47
2014-10-17,0.02,1.83,2.44
2014-10-20,0.02,1.83,2.45
2014-10-21,0.02,1.85,2.43
2014-10-22,0.02,1.84,2.42
2014-10-23,0.02,1.88,2.42
2014-10-24,0.02,1.88,2.43
2014-10-27,0.02,1.86,2.44
2014-10-28,0.02,1.88,2.43
2014-10-29,0.02,1.86,2.36
2014-10-30,0.02,1.84,2.39
2014-10-31,0.02,1.85,2.39
2014-11-01,0.02,1.85,2.39
2014-11-03,0.02,1.84,2.39
2014-11-04,0.02,1.83,2.39
2014-11-05,0.02,1.84,2.39
2014-11-06,0.02,1.85,2.4
2014-11-07,0.02,1.81,2.43
2014-11-10,0.02,1.83,2.41
2014-11-11,0.02,1.83,2.41
2014-11-12,0.02,1.82,2.43
2014-11-13,0.02,1.82,2.47
2014-11-14,0.02,1.78,2.48
2014-11-17,0.02,1.8,2.49
2014-11-18,0.02,1.79,2.52
2014-11-19,0.02,1.82,2.51
2014-11-20,0.02,1.81,2.52
2014-11-21,0.02,1.78,2.49
2014-11-24,0.02,1.77,2.5
2014-11-25,0.02,1.76,2.46
2014-11-26,0.02,1.71,2.47
2014-11-27,0.02,1.71,2.47
2014-11-28,0.02,1.71,2.52
2014-12-01,0.03,1.73,2.54
2014-12-02,0.03,1.73,2.54
2014-12-03,0.03,1.72,2.52
2014-12-04,0.03,1.7,2.53
2014-12-05,0.03,1.66,2.48
2014-12-08,0.03,1.62,2.48
2014-12-09,0.03,1.58,2.51
2014-12-10,0.03,1.59,2.53
2014-12-11,0.03,1.57,2.53
2014-12-12,0.03,1.54,2.58
2014-12-15,0.03,1.52,2.56
2014-12-16,0.03,1.49,2.6
2014-12-17,0.03,1.52,2.6
2014-12-18,0.03,1.55,2.56
2014-12-19,0.03,1.5,2.56
2014-12-22,0.03,1.46,2.53
2014-12-23,0.03,1.53,2.53
2014-12-24,0.03,1.54,2.5
2014-12-25,0.03,1.54,2.5
2014-12-26,0.03,1.52,2.5
2014-12-29,0.03,1.5,2.49
2014-12-30,0.03,1.51,2.49
2014-12-31,0.03,1.5,2.51
2015-01-01,0.03,1.5,2.51
2015-01-02,0.03,1.46,2.51
2015-01-05,0.03,1.36,2.52
2015-01-06,0.03,1.32,2.52
2015-01-07,0.03,1.34,2.53
2015-01-08,0.03,1.41,2.54
2015-01-09,0.03,1.39,2.55
2015-01-12,0.03,1.36,2.55
2015-01-13,0.03,1.37,2.55
2015-01-14,0.03,1.35,2.58
2015-01-15,0.03,1.33,2.65
2015-01-16,0.03,1.34,2.62
2015-01-19,0.03,1.34,2.62
2015-01-20,0.03,1.29,2.61
2015-01-21,0.03,1.34,2.59
2015-01-22,0.03,1.37,2.59
2015-01-23,0.03,1.29,2.6
2015-01-26,0.03,1.29,2.58
2015-01-27,0.03,1.29,2.59
2015-01-28,0.03,1.23,2.59
2015-01-29,0.03,1.26,2.58
2015-01-30,0.03,1.21,2.61
2015-02-01,0.02,1.21,2.61
2015-02-02,0.02,1.19,2.61
2015-02-03,0.02,1.27,2.61
2015-02-04,0.02,1.29,2.6
2015-02-05,0.02,1.31,2.6
2015-02-06,0.02,1.3,2.55
2015-02-09,0.02,1.31,2.53
2015-02-10,0.02,1.34,2.53
2015-02-11,0.02,1.33,2.53
2015-02-12,0.02,1.38,2.54
2015-02-13,0.02,1.36,2.55
2015-02-16,0.02,1.36,2.55
2015-02-17,0.02,1.44,2.53
2015-02-18,0.02,1.45,2.53
2015-02-19,0.02,1.44,2.53
2015-02-20,0.02,1.46,2.5
2015-02-23,0.02,1.42,2.48
2015-02-24,0.02,1.39,2.49
2015-02-25,0.02,1.35,2.49
2015-02-26,0.02,1.37,2.44
2015-02-27,0.02,1.37,2.46
2015-03-01,0.03,1.37,2.46
2015-03-02,0.03,1.42,2.48
2015-03-03,0.03,1.44,2.46
2015-03-04,0.03,1.46,2.46
2015-03-05,0.03,1.46,2.47
2015-03-06,0.03,1.51,2.45
2015-03-09,0.03,1.5,2.46
2015-03-10,0.03,1.44,2.45
2015-03-11,0.03,1.41,2.45
2015-03-12,0.03,1.43,2.46
2015-03-13,0.03,1.45,2.47
2015-03-16,0.03,1.44,2.48
2015-03-17,0.03,1.36,2.49
2015-03-18,0.03,1.36,2.55
2015-03-19,0.03,1.35,2.5
2015-03-20,0.03,1.33,2.51
2015-03-23,0.03,1.32,2.54
2015-03-24,0.03,1.3,2.53
2015-03-25,0.03,1.34,2.53
2015-03-26,0.03,1.4,2.55
2015-03-27,0.03,1.37,2.53
2015-03-30,0.03,1.38,2.55
2015-03-31,0.03,1.38,2.55
2015-04-01,0.02,1.32,2.55
2015-04-02,0.02,1.37,2.55
2015-04-03,0.02,1.36,2.58
2015-04-06,0.02,1.41,2.58
2015-04-07,0.02,1.37,2.56
2015-04-08,0.02,1.38,2.51
2015-04-09,0.02,1.41,2.53
2015-04-10,0.02,1.39,2.53
2015-04-13,0.02,1.4,2.54
2015-04-14,0.02,1.37,2.54
2015-04-15,0.02,1.4,2.54
2015-04-16,0.02,1.4,2.55
2015-04-17,0.02,1.36,2.53
2015-04-20,0.02,1.35,2.55
2015-04-21,0.02,1.37,2.54
2015-04-22,0.02,1.42,2.53
2015-04-23,0.02,1.41,2.54
2015-04-24,0.02,1.39,2.56
2015-04-27,0.02,1.4,2.54
2015-04-28,0.02,1.44,2.55
2015-04-29,0.02,1.5,2.58
2015-04-30,0.02,1.47,2.6
2015-05-01,0.02,1.52,2.61
2015-05-04,0.02,1.56,2.61
2015-05-05,0.02,1.57,2.62
2015-05-06,0.02,1.6,2.64
2015-05-07,0.02,1.55,2.64
2015-05-08,0.02,1.57,2.65
2015-05-11,0.02,1.66,2.66
2015-05-12,0.02,1.67,2.65
2015-05-13,0.02,1.68,2.71
2015-05-14,0.02,1.67,2.74
2015-05-15,0.02,1.59,2.72
2015-05-18,0.02,1.65,2.73
2015-05-19,0.02,1.64,2.71
2015-05-20,0.02,1.66,2.73
2015-05-21,0.02,1.59,2.75
2015-05-22,0.02,1.57,2.74
2015-05-25,0.02,1.57,2.74
2015-05-26,0.02,1.5,2.73
2015-05-27,0.02,1.5,2.71
2015-05-28,0.02,1.51,2.75
2015-05-29,0.02,1.51,2.72
2015-06-01,0.02,1.55,2.75
2015-06-02,0.02,1.63,2.75
2015-06-03,0.02,1.69,2.72
2015-06-04,0.02,1.65,2.72
2015-06-05,0.02,1.68,2.69
2015-06-08,0.02,1.69,2.7
2015-06-09,0.02,1.7,2.73
2015-06-10,0.02,1.75,2.7
2015-06-11,0.02,1.66,2.71
2015-06-12,0.02,1.65,2.7
2015-06-15,0.02,1.64,2.73
2015-06-16,0.02,1.61,2.74
2015-06-17,0.02,1.65,2.76
2015-06-18,0.02,1.69,2.82
2015-06-19,0.02,1.61,2.82
2015-06-22,0.02,1.69,2.81
2015-06-23,0.02,1.72,2.82
2015-06-24,0.02,1.7,2.81
2015-06-25,0.02,1.72,2.8
2015-06-26,0.02,1.77,2.81
2015-06-29,0.02,1.69,2.84
2015-06-30,0.02,1.71,2.83
2015-07-01,0.03,1.74,2.83
2015-07-02,0.03,1.76,2.86
2015-07-03,0.03,1.76,2.86
2015-07-06,0.03,1.7,2.84
2015-07-07,0.03,1.69,2.84
2015-07-08,0.03,1.67,2.87
2015-07-09,0.03,1.72,2.88
2015-07-10,0.03,1.77,2.9
2015-07-13,0.03,1.75,2.88
2015-07-14,0.03,1.75,2.91
2015-07-15,0.03,1.72,2.91
2015-07-16,0.03,1.69,2.88
2015-07-17,0.03,1.66,2.87
2015-07-20,0.03,1.67,2.86
2015-07-21,0.03,1.64,2.87
2015-07-22,0.03,1.58,2.85
2015-07-23,0.03,1.57,2.85
2015-07-24,0.03,1.57,2.87
2015-07-27,0.03,1.55,2.9
2015-07-28,0.03,1.57,2.91
2015-07-29,0.03,1.59,2.9
2015-07-30,0.03,1.56,2.88
2015-07-31,0.03,1.53,2.94
2015-08-01,0.07,1.53,2.94
2015-08-03,0.07,1.48,2.92
2015-08-04,0.07,1.49,2.88
2015-08-05,0.07,1.55,2.9
2015-08-06,0.07,1.52,2.92
2015-08-07,0.07,1.45,2.91
2015-08-10,0.07,1.51,2.93
2015-08-11,0.07,1.47,2.94
2015-08-12,0.07,1.47,2.97
2015-08-13,0.07,1.47,2.98
2015-08-14,0.07,1.47,2.97
2015-08-17,0.07,1.44,2.97
2015-08-18,0.07,1.46,3.01
2015-08-19,0.07,1.45,3.06
2015-08-20,0.07,1.4,3.04
2015-08-21,0.07,1.41,3.1
2015-08-24,0.07,1.42,3.14
2015-08-25,0.07,1.45,3.17
2015-08-26,0.07,1.51,3.2
2015-08-27,0.07,1.5,3.15
2015-08-28,0.07,1.47,3.13
2015-08-31,0.07,1.47,3.15
2015-09-01,0.02,1.47,3.18
2015-09-02,0.02,1.48,3.17
2015-09-03,0.02,1.47,3.17
2015-09-04,0.02,1.42,3.15
2015-09-07,0.02,1.42,3.15
2015-09-08,0.02,1.46,3.16
2015-09-09,0.02,1.46,3.1
2015-09-10,0.02,1.48,3.12
2015-09-11,0.02,1.49,3.11
2015-09-14,0.02,1.45,3.13
2015-09-15,0.02,1.46,3.16
2015-09-16,0.02,1.48,3.15
2015-09-17,0.02,1.51,3.18
2015-09-18,0.02,1.44,3.15
2015-09-21,0.02,1.48,3.19
2015-09-22,0.02,1.45,3.15
2015-09-23,0.02,1.46,3.15
2015-09-24,0.02,1.46,3.16
2015-09-25,0.02,1.47,3.19
2015-09-28,0.02,1.43,3.21
2015-09-29,0.02,1.41,3.26
2015-09-30,0.02,1.42,3.29
2015-10-01,0.02,1.41,3.31
2015-10-02,0.02,1.41,3.34
2015-10-05,0.02,1.46,3.33
2015-10-06,0.02,1.44,3.32
2015-10-07,0.02,1.43,3.27
2015-10-08,0.02,1.47,3.28
2015-10-09,0.02,1.47,3.26
2015-10-12,0.02,1.47,3.26
2015-10-13,0.02,1.42,3.28
2015-10-14,0.02,1.42,3.31
2015-10-15,0.02,1.43,3.29
2015-10-16,0.02,1.43,3.28
2015-10-19,0.02,1.43,3.3
2015-10-20,0.02,1.42,3.29
2015-10-21,0.02,1.4,3.28
2015-10-22,0.02,1.43,3.26
2015-10-23,0.02,1.43,3.23
2015-10-26,0.02,1.41,3.22
2015-10-27,0.02,1.4,3.25
2015-10-28,0.02,1.37,3.2
2015-10-29,0.02,1.44,3.21
2015-10-30,0.02,1.41,3.19
2015-11-01,0.12,1.41,3.19
2015-11-02,0.12,1.43,3.18
2015-11-03,0.12,1.43,3.19
2015-11-04,0.12,1.41,3.16
2015-11-05,0.12,1.41,3.18
2015-11-06,0.12,1.44,3.17
2015-11-09,0.12,1.47,3.15
2015-11-10,0.12,1.45,3.18
2015-11-11,0.12,1.45,3.18
2015-11-12,0.12,1.43,3.19
2015-11-13,0.12,1.42,3.2
2015-11-16,0.12,1.39,3.24
2015-11-17,0.12,1.39,3.23
2015-11-18,0.12,1.37,3.21
2015-11-19,0.12,1.33,3.2
2015-11-20,0.12,1.33,3.2
2015-11-23,0.12,1.31,3.19
2015-11-24,0.12,1.31,3.2
2015-11-25,0.12,1.3,3.21
2015-11-26,0.12,1.3,3.21
2015-11-27,0.12,1.3,3.22
2015-11-30,0.12,1.27,3.2
2015-12-01,0.23,1.24,3.21
2015-12-02,0.23,1.24,3.17
2015-12-03,0.23,1.37,3.18
2015-12-04,0.23,1.32,3.15
2015-12-07,0.23,1.29,3.15
2015-12-08,0.23,1.3,3.19
2015-12-09,0.23,1.29,3.18
2015-12-10,0.23,1.29,3.19
2015-12-11,0.23,1.25,3.24
2015-12-14,0.23,1.26,3.23
2015-12-15,0.23,1.3,3.21
2015-12-16,0.23,1.28,3.21
2015-12-17,0.23,1.24,3.21
2015-12-18,0.23,1.22,3.25
2015-12-21,0.23,1.24,3.27
2015-12-22,0.23,1.25,3.26
2015-12-23,0.23,1.26,3.26
2015-12-24,0.23,1.22,3.22
2015-12-25,0.23,1.22,3.22
2015-12-28,0.23,1.19,3.21
2015-12-29,0.23,1.23,3.22
2015-12-30,0.23,1.23,3.23
2015-12-31,0.23,1.21,3.23
2016-01-01,0.26,1.21,3.23
2016-01-04,0.26,1.22,3.24
2016-01-05,0.26,1.21,3.25
2016-01-06,0.26,1.19,3.26
2016-01-07,0.26,1.2,3.28
2016-01-08,0.26,1.19,3.31
2016-01-11,0.26,1.23,3.3
2016-01-12,0.26,1.19,3.29
2016-01-13,0.26,1.17,3.28
2016-01-14,0.26,1.2,3.36
2016-01-15,0.26,1.18,3.38
2016-01-18,0.26,1.18,3.38
2016-01-19,0.26,1.18,3.35
2016-01-20,0.26,1.16,3.4
2016-01-21,0.26,1.18,3.45
2016-01-22,0.26,1.19,3.42
2016-01-25,0.26,1.15,3.44
2016-01-26,0.26,1.16,3.46
2016-01-27,0.26,1.18,3.46
2016-01-28,0.26,1.17,3.48
2016-01-29,0.26,1.18,3.48
2016-02-01,0.31,1.16,3.49
2016-02-02,0.31,1.12,3.49
2016-02-03,0.31,1.16,3.52
2016-02-04,0.31,1.17,3.53
2016-02-05,0.31,1.12,3.52
2016-02-08,0.31,1.09,3.53
2016-02-09,0.31,1.05,3.54
2016-02-10,0.31,1.0,3.56
2016-02-11,0.31,0.99,3.63
2016-02-12,0.31,1.03,3.6
2016-02-15,0.31,1.03,3.6
2016-02-16,0.31,1.04,3.59
2016-02-17,0.31,1.07,3.62
2016-02-18,0.31,1.04,3.62
2016-02-19,0.31,1.0,3.56
2016-02-22,0.31,0.99,3.57
2016-02-23,0.31,0.98,3.58
2016-02-24,0.31,1.0,3.56
2016-02-25,0.31,0.99,3.56
2016-02-26,0.31,0.96,3.56
2016-02-29,0.31,0.96,3.55
2016-03-01,0.29,0.98,3.54
2016-03-02,0.29,0.99,3.5
2016-03-03,0.29,0.98,3.47
2016-03-04,0.29,1.0,3.43
2016-03-07,0.29,1.0,3.39
2016-03-08,0.29,0.95,3.38
2016-03-09,0.29,1.0,3.36
2016-03-10,0.29,1.0,3.3
2016-03-11,0.29,1.01,3.26
2016-03-14,0.29,1.0,3.22
2016-03-15,0.29,0.99,3.19
2016-03-16,0.29,1.07,3.22
2016-03-17,0.29,1.04,3.2
2016-03-18,0.29,1.04,3.17
2016-03-21,0.29,1.05,3.15
2016-03-22,0.29,1.03,3.1
2016-03-23,0.29,1.01,3.07
2016-03-24,0.29,1.02,3.06
2016-03-25,0.29,1.02,3.06
2016-03-28,0.29,1.0,3.05
2016-03-29,0.29,1.03,3.09
2016-03-30,0.29,1.07,3.11
2016-03-31,0.29,1.05,3.12
2016-04-01,0.23,1.03,3.1
2016-04-04,0.23,1.03,3.1
2016-04-05,0.23,1.01,3.08
2016-04-06,0.23,1.03,3.08
2016-04-07,0.23,1.0,3.06
2016-04-08,0.23,1.02,3.07
2016-04-11,0.23,1.03,3.05
2016-04-12,0.23,1.05,3.03
2016-04-13,0.23,1.02,3.01
2016-04-14,0.23,1.03,2.99
2016-04-15,0.23,1.02,2.99
2016-04-18,0.23,1.03,2.99
2016-04-19,0.23,1.02,2.96
2016-04-20,0.23,1.05,2.93
2016-04-21,0.23,1.06,2.91
2016-04-22,0.23,1.05,2.89
2016-04-25,0.23,1.06,2.88
2016-04-26,0.23,1.08,2.85
2016-04-27,0.23,1.04,2.86
2016-04-28,0.23,1.06,2.89
2016-04-29,0.23,1.06,2.86
2016-05-01,0.27,1.06,2.86
2016-05-02,0.27,1.08,2.86
2016-05-03,0.27,1.06,2.85
2016-05-04,0.27,1.04,2.85
2016-05-05,0.27,1.04,2.86
2016-05-06,0.27,1.05,2.87
2016-05-09,0.27,1.05,2.89
2016-05-10,0.27,1.05,2.89
2016-05-11,0.27,0.99,2.9
2016-05-12,0.27,0.99,2.91
2016-05-13,0.27,0.95,2.9
2016-05-16,0.27,0.96,2.9
2016-05-17,0.27,0.94,2.89
2016-05-18,0.27,0.97,2.87
2016-05-19,0.27,0.96,2.85
2016-05-20,0.27,0.96,2.86
2016-05-23,0.27,0.93,2.86
2016-05-24,0.27,0.94,2.85
2016-05-25,0.27,0.95,2.87
2016-05-26,0.27,0.96,2.86
2016-05-27,0.27,0.95,2.85
2016-05-30,0.27,0.95,2.85
2016-05-31,0.27,0.97,2.84
2016-06-01,0.27,0.94,2.82
2016-06-02,0.27,0.92,2.83
2016-06-03,0.27,0.93,2.86
2016-06-06,0.27,0.93,2.86
2016-06-07,0.27,0.94,2.86
2016-06-08,0.27,0.93,2.85
2016-06-09,0.27,0.91,2.85
2016-06-10,0.27,0.91,2.86
2016-06-13,0.27,0.89,2.86
2016-06-14,0.27,0.88,2.88
2016-06-15,0.27,0.91,2.9
2016-06-16,0.27,0.87,2.9
2016-06-17,0.27,0.92,2.89
2016-06-20,0.27,0.93,2.87
2016-06-21,0.27,0.95,2.86
2016-06-22,0.27,0.94,2.86
2016-06-23,0.27,0.96,2.86
2016-06-24,0.27,0.93,2.98
2016-06-27,0.27,0.85,2.96
2016-06-28,0.27,0.85,2.95
2016-06-29,0.27,0.88,2.9
2016-06-30,0.27,0.91,2.92
2016-07-01,0.3,0.87,2.86
2016-07-04,0.3,0.87,2.86
2016-07-05,0.3,0.81,2.83
2016-07-06,0.3,0.8,2.83
2016-07-07,0.3,0.82,2.79
2016-07-08,0.3,0.76,2.78
2016-07-11,0.3,0.77,2.75
2016-07-12,0.3,0.84,2.7
2016-07-13,0.3,0.8,2.69
2016-07-14,0.3,0.85,2.7
2016-07-15,0.3,0.89,2.66
2016-07-18,0.3,0.91,2.67
2016-07-19,0.3,0.86,2.67
2016-07-20,0.3,0.86,2.66
2016-07-21,0.3,0.87,2.68
2016-07-22,0.3,0.86,2.66
2016-07-25,0.3,0.86,2.65
2016-07-26,0.3,0.82,2.65
2016-07-27,0.3,0.79,2.67
2016-07-28,0.3,0.8,2.68
2016-07-29,0.3,0.79,2.71
2016-08-01,0.3,0.84,2.73
2016-08-02,0.3,0.88,2.75
2016-08-03,0.3,0.88,2.76
2016-08-04,0.3,0.87,2.76
2016-08-05,0.3,0.87,2.73
2016-08-08,0.3,0.85,2.71
2016-08-09,0.3,0.84,2.7
2016-08-10,0.3,0.81,2.71
2016-08-11,0.3,0.81,2.7
2016-08-12,0.3,0.8,2.71
2016-08-15,0.3,0.83,2.7
2016-08-16,0.3,0.81,2.7
2016-08-17,0.3,0.82,2.69
2016-08-18,0.3,0.82,2.7
2016-08-19,0.3,0.82,2.67
2016-08-22,0.3,0.79,2.65
2016-08-23,0.3,0.81,2.64
2016-08-24,0.3,0.8,2.64
2016-08-25,0.3,0.8,2.63
2016-08-26,0.3,0.78,2.63
2016-08-29,0.3,0.76,2.59
2016-08-30,0.3,0.77,2.62
2016-08-31,0.3,0.78,2.61
2016-09-01,0.29,0.79,2.62
2016-09-02,0.29,0.8,2.63
2016-09-05,0.29,0.8,2.63
2016-09-06,0.29,0.81,2.64
2016-09-07,0.29,0.8,2.65
2016-09-08,0.29,0.83,2.67
2016-09-09,0.29,0.88,2.67
2016-09-12,0.29,0.89,2.68
2016-09-13,0.29,0.93,2.7
2016-09-14,0.29,0.93,2.7
2016-09-15,0.29,0.97,2.72
2016-09-16,0.29,0.93,2.71
2016-09-19,0.29,0.91,2.7
2016-09-20,0.29,0.9,2.7
2016-09-21,0.29,0.87,2.7
2016-09-22,0.29,0.84,2.69
2016-09-23,0.29,0.85,2.68
2016-09-26,0.29,0.83,2.7
2016-09-27,0.29,0.81,2.69
2016-09-28,0.29,0.82,2.69
2016-09-29,0.29,0.83,2.67
2016-09-30,0.29,0.83,2.69
2016-10-01,0.33,0.83,2.69
2016-10-03,0.33,0.83,2.66
2016-10-04,0.33,0.87,2.66
2016-10-05,0.33,0.87,2.64
2016-10-06,0.33,0.89,2.61
2016-10-07,0.33,0.9,2.63
2016-10-10,0.33,0.9,2.63
2016-10-11,0.33,0.9,2.6
2016-10-12,0.33,0.92,2.6
2016-10-13,0.33,0.9,2.59
2016-10-14,0.33,0.96,2.63
2016-10-17,0.33,0.96,2.62
2016-10-18,0.33,0.93,2.62
2016-10-19,0.33,0.95,2.62
2016-10-20,0.33,0.92,2.59
2016-10-21,0.33,0.9,2.6
2016-10-24,0.33,0.93,2.59
2016-10-25,0.33,0.91,2.58
2016-10-26,0.33,0.93,2.6
2016-10-27,0.33,0.98,2.59
2016-10-28,0.33,1.0,2.6
2016-10-31,0.33,0.98,2.61
2016-11-01,0.45,1.0,2.61
2016-11-02,0.45,1.0,2.63
2016-11-03,0.45,1.01,2.67
2016-11-04,0.45,0.99,2.67
2016-11-07,0.45,1.01,2.66
2016-11-08,0.45,1.01,2.62
2016-11-09,0.45,1.17,2.66
2016-11-10,0.45,1.23,2.6
2016-11-11,0.45,1.23,2.6
2016-11-14,0.45,1.23,2.6
2016-11-15,0.45,1.21,2.59
2016-11-16,0.45,1.22,2.55
2016-11-17,0.45,1.25,2.54
2016-11-18,0.45,1.27,2.52
2016-11-21,0.45,1.25,2.52
2016-11-22,0.45,1.24,2.53
2016-11-23,0.45,1.24,2.49
2016-11-24,0.45,1.24,2.49
2016-11-25,0.45,1.24,2.48
2016-11-28,0.45,1.21,2.47
2016-11-29,0.45,1.21,2.46
2016-11-30,0.45,1.26,2.45
2016-12-01,0.51,1.31,2.42
2016-12-02,0.51,1.29,2.42
2016-12-05,0.51,1.26,2.42
2016-12-06,0.51,1.27,2.44
2016-12-07,0.51,1.24,2.44
2016-12-08,0.51,1.28,2.43
2016-12-09,0.51,1.32,2.43
2016-12-12,0.51,1.34,2.41
2016-12-13,0.51,1.31,2.39
2016-12-14,0.51,1.27,2.32
2016-12-15,0.51,1.31,2.24
2016-12-16,0.51,1.32,2.28
2016-12-19,0.51,1.3,2.28
2016-12-20,0.51,1.32,2.28
2016-12-21,0.51,1.34,2.26
2016-12-22,0.51,1.33,2.27
2016-12-23,0.51,1.33,2.25
2016-12-26,0.51,1.33,2.25
2016-12-27,0.51,1.29,2.25
2016-12-28,0.51,1.25,2.26
2016-12-29,0.51,1.27,2.27
2016-12-30,0.51,1.25,2.28
2017-01-01,0.51,1.25,2.28
2017-01-02,0.51,1.25,2.28
2017-01-03,0.51,1.23,2.27
2017-01-04,0.51,1.22,2.25
2017-01-05,0.51,1.2,2.25
2017-01-06,0.51,1.2,2.24
2017-01-09,0.51,1.17,2.24
2017-01-10,0.51,1.19,2.24
2017-01-11,0.51,1.18,2.22
2017-01-12,0.51,1.18,2.25
2017-01-13,0.51,1.19,2.23
2017-01-16,0.51,1.19,2.23
2017-01-17,0.51,1.16,2.26
2017-01-18,0.51,1.19,2.22
2017-01-19,0.51,1.22,2.21
2017-01-20,0.51,1.28,2.21
2017-01-23,0.51,1.25,2.21
2017-01-24,0.51,1.26,2.22
2017-01-25,0.51,1.3,2.21
2017-01-26,0.51,1.3,2.2
2017-01-27,0.51,1.27,2.19
2017-01-30,0.51,1.27,2.21
2017-01-31,0.51,1.26,2.23
2017-02-01,0.52,1.26,2.23
2017-02-02,0.52,1.27,2.23
2017-02-03,0.52,1.28,2.24
2017-02-06,0.52,1.26,2.25
2017-02-07,0.52,1.24,2.24
2017-02-08,0.52,1.19,2.25
2017-02-09,0.52,1.2,2.24
2017-02-10,0.52,1.21,2.23
2017-02-13,0.52,1.23,2.23
2017-02-14,0.52,1.22,2.21
2017-02-15,0.52,1.24,2.19
2017-02-16,0.52,1.23,2.2
2017-02-17,0.52,1.21,2.21
2017-02-20,0.52,1.21,2.21
2017-02-21,0.52,1.21,2.2
2017-02-22,0.52,1.2,2.21
2017-02-23,0.52,1.2,2.23
2017-02-24,0.52,1.19,2.23
2017-02-27,0.52,1.16,2.21
2017-02-28,0.52,1.14,2.19
2017-03-01,0.74,1.17,2.18
2017-03-02,0.74,1.17,2.16
2017-03-03,0.74,1.17,2.16
2017-03-06,0.74,1.18,2.17
2017-03-07,0.74,1.2,2.15
2017-03-08,0.74,1.21,2.15
2017-03-09,0.74,1.23,2.17
2017-03-10,0.74,1.22,2.18
2017-03-13,0.74,1.22,2.17
2017-03-14,0.74,1.2,2.18
2017-03-15,0.74,1.18,2.2
2017-03-16,0.74,1.18,2.21
2017-03-17,0.74,1.17,2.22
2017-03-20,0.74,1.17,2.23
2017-03-21,0.74,1.16,2.23
2017-03-22,0.74,1.13,2.23
2017-03-23,0.74,1.15,2.24
2017-03-24,0.74,1.14,2.22
2017-03-27,0.74,1.11,2.23
2017-03-28,0.74,1.12,2.22
2017-03-29,0.74,1.13,2.23
2017-03-30,0.74,1.14,2.23
2017-03-31,0.74,1.13,2.24
2017-04-01,0.8,1.13,2.24
2017-04-03,0.8,1.11,2.26
2017-04-04,0.8,1.11,2.26
2017-04-05,0.8,1.1,2.29
2017-04-06,0.8,1.1,2.27
2017-04-07,0.8,1.09,2.24
2017-04-10,0.8,1.08,2.24
2017-04-11,0.8,1.08,2.24
2017-04-12,0.8,1.04,2.28
2017-04-13,0.8,1.03,2.28
2017-04-14,0.8,1.03,2.28
2017-04-17,0.8,1.05,2.29
2017-04-18,0.8,1.0,2.29
2017-04-19,0.8,1.02,2.29
2017-04-20,0.8,1.03,2.28
2017-04-21,0.8,1.04,2.29
2017-04-24,0.8,1.03,2.28
2017-04-25,0.8,1.06,2.26
2017-04-26,0.8,1.04,2.27
2017-04-27,0.8,1.05,2.28
2017-04-28,0.8,1.01,2.28
2017-05-01,0.89,1.05,2.29
2017-05-02,0.89,1.02,2.3
2017-05-03,0.89,1.03,2.23
2017-05-04,0.89,1.04,2.25
2017-05-05,0.89,1.04,2.24
2017-05-08,0.89,1.06,2.23
2017-05-09,0.89,1.05,2.22
2017-05-10,0.89,1.06,2.22
2017-05-11,0.89,1.04,2.24
2017-05-12,0.89,1.04,2.25
2017-05-15,0.89,1.03,2.25
2017-05-16,0.89,1.04,2.24
2017-05-17,0.89,0.96,2.26
2017-05-18,0.89,0.96,2.26
2017-05-19,0.89,0.95,2.26
2017-05-22,0.89,0.96,2.24
2017-05-23,0.89,0.98,2.22
2017-05-24,0.89,0.97,2.25
2017-05-25,0.89,0.95,2.24
2017-05-26,0.89,0.95,2.24
2017-05-29,0.89,0.95,2.24
2017-05-30,0.89,0.93,2.25
2017-05-31,0.89,0.93,2.23
2017-06-01,0.98,0.93,2.24
2017-06-02,0.98,0.87,2.24
2017-06-05,0.98,0.86,2.24
2017-06-06,0.98,0.84,2.25
2017-06-07,0.98,0.86,2.23
2017-06-08,0.98,0.86,2.23
2017-06-09,0.98,0.86,2.21
2017-06-12,0.98,0.86,2.22
2017-06-13,0.98,0.83,2.21
2017-06-14,0.98,0.8,2.19
2017-06-15,0.98,0.81,2.18
2017-06-16,0.98,0.84,2.19
2017-06-19,0.98,0.83,2.17
2017-06-20,0.98,0.8,2.16
2017-06-21,0.98,0.8,2.15
2017-06-22,0.98,0.81,2.16
2017-06-23,0.98,0.81,2.15
2017-06-26,0.98,0.78,2.15
2017-06-27,0.98,0.83,2.12
2017-06-28,0.98,0.88,2.14
2017-06-29,0.98,0.89,2.11
2017-06-30,0.98,0.93,2.09
2017-07-01,1.07,0.93,2.09
2017-07-03,1.07,0.94,2.07
2017-07-04,1.07,0.94,2.07
2017-07-05,1.07,0.92,2.08
2017-07-06,1.07,0.97,2.07
2017-07-07,1.07,0.99,2.08
2017-07-10,1.07,0.98,2.08
2017-07-11,1.07,1.0,2.08
2017-07-12,1.07,0.98,2.09
2017-07-13,1.07,0.98,2.09
2017-07-14,1.07,0.98,2.09
2017-07-17,1.07,0.95,2.09
2017-07-18,1.07,0.91,2.08
2017-07-19,1.07,0.9,2.07
2017-07-20,1.07,0.9,2.05
2017-07-21,1.07,0.88,2.05
2017-07-24,1.07,0.89,2.06
2017-07-25,1.07,0.93,2.05
2017-07-26,1.07,0.93,2.07
2017-07-27,1.07,0.96,2.07
2017-07-28,1.07,0.96,2.05
2017-07-31,1.07,0.96,2.06
2017-08-01,1.01,0.92,2.06
2017-08-02,1.01,0.91,2.05
2017-08-03,1.01,0.9,2.05
2017-08-04,1.01,0.91,2.05
2017-08-07,1.01,0.9,2.06
2017-08-08,1.01,0.93,2.07
2017-08-09,1.01,0.91,2.09
2017-08-10,1.01,0.87,2.11
2017-08-11,1.01,0.89,2.12
2017-08-14,1.01,0.89,2.11
2017-08-15,1.01,0.92,2.09
2017-08-16,1.01,0.9,2.09
2017-08-17,1.01,0.87,2.11
2017-08-18,1.01,0.86,2.12
2017-08-21,1.01,0.86,2.12
2017-08-22,1.01,0.89,2.1
2017-08-23,1.01,0.85,2.12
2017-08-24,1.01,0.86,2.12
2017-08-25,1.01,0.82,2.12
2017-08-28,1.01,0.83,2.13
2017-08-29,1.01,0.8,2.15
2017-08-30,1.01,0.82,2.14
2017-08-31,1.01,0.79,2.14
2017-09-01,1.03,0.81,2.15
2017-09-04,1.03,0.81,2.15
2017-09-05,1.03,0.77,2.16
2017-09-06,1.03,0.8,2.17
2017-09-07,1.03,0.78,2.17
2017-09-08,1.03,0.79,2.17
2017-09-11,1.03,0.82,2.15
2017-09-12,1.03,0.84,2.16
2017-09-13,1.03,0.85,2.13
2017-09-14,1.03,0.83,2.11
2017-09-15,1.03,0.81,2.1
2017-09-18,1.03,0.83,2.1
2017-09-19,1.03,0.84,2.09
2017-09-20,1.03,0.83,2.06
2017-09-21,1.03,0.82,2.05
2017-09-22,1.03,0.8,2.05
2017-09-25,1.03,0.78,2.06
2017-09-26,1.03,0.79,2.04
2017-09-27,1.03,0.84,2.06
2017-09-28,1.03,0.86,2.05
2017-09-29,1.03,0.86,2.0
2017-10-01,1.07,0.86,2.0
2017-10-02,1.07,0.85,1.99
2017-10-03,1.07,0.86,2.0
2017-10-04,1.07,0.86,2.01
2017-10-05,1.07,0.86,2.0
2017-10-06,1.07,0.83,1.98
2017-10-09,1.07,0.83,1.98
2017-10-10,1.07,0.84,1.97
2017-10-11,1.07,0.84,1.97
2017-10-12,1.07,0.82,1.97
2017-10-13,1.07,0.77,1.97
2017-10-16,1.07,0.76,1.97
2017-10-17,1.07,0.76,1.95
2017-10-18,1.07,0.75,1.95
2017-10-19,1.07,0.75,1.94
2017-10-20,1.07,0.79,1.94
2017-10-23,1.07,0.8,1.94
2017-10-24,1.07,0.82,1.92
2017-10-25,1.07,0.83,1.93
2017-10-26,1.07,0.83,1.91
2017-10-27,1.07,0.83,1.93
2017-10-30,1.07,0.79,1.92
2017-10-31,1.07,0.78,1.91
2017-11-01,1.23,0.76,1.92
2017-11-02,1.23,0.74,1.91
2017-11-03,1.23,0.71,1.91
2017-11-06,1.23,0.71,1.92
2017-11-07,1.23,0.69,1.9
2017-11-08,1.23,0.67,1.92
2017-11-09,1.23,0.7,1.93
2017-11-10,1.23,0.73,1.93
2017-11-13,1.23,0.7,1.93
2017-11-14,1.23,0.7,1.93
2017-11-15,1.23,0.65,1.95
2017-11-16,1.23,0.65,1.92
2017-11-17,1.23,0.62,1.93
2017-11-20,1.23,0.6,1.91
2017-11-21,1.23,0.59,1.88
2017-11-22,1.23,0.58,1.91
2017-11-23,1.23,0.58,1.91
2017-11-24,1.23,0.59,1.9
2017-11-27,1.23,0.58,1.93
2017-11-28,1.23,0.59,1.91
2017-11-29,1.23,0.59,1.92
2017-11-30,1.23,0.64,1.88
2017-12-01,1.32,0.59,1.87
2017-12-04,1.32,0.57,1.87
2017-12-05,1.32,0.53,1.84
2017-12-06,1.32,0.55,1.86
2017-12-07,1.32,0.57,1.88
2017-12-08,1.32,0.58,1.87
2017-12-11,1.32,0.57,1.85
2017-12-12,1.32,0.57,1.84
2017-12-13,1.32,0.57,1.83
2017-12-14,1.32,0.53,1.82
2017-12-15,1.32,0.51,1.8
2017-12-18,1.32,0.55,1.81
2017-12-19,1.32,0.59,1.81
2017-12-20,1.32,0.62,1.82
2017-12-21,1.32,0.59,1.79
2017-12-22,1.32,0.57,1.79
2017-12-25,1.32,0.57,1.79
2017-12-26,1.32,0.55,1.78
2017-12-27,1.32,0.53,1.76
2017-12-28,1.32,0.52,1.76
2017-12-29,1.32,0.51,1.77
2018-01-01,1.41,0.51,1.77
2018-01-02,1.41,0.54,1.78
2018-01-03,1.41,0.5,1.77
2018-01-04,1.41,0.5,1.75
2018-01-05,1.41,0.51,1.76
2018-01-08,1.41,0.53,1.74
2018-01-09,1.41,0.57,1.74
2018-01-10,1.41,0.57,1.73
2018-01-11,1.41,0.56,1.69
2018-01-12,1.41,0.56,1.68
2018-01-15,1.41,0.56,1.68
2018-01-16,1.41,0.51,1.66
2018-01-17,1.41,0.52,1.66
2018-01-18,1.41,0.57,1.64
2018-01-19,1.41,0.58,1.64
2018-01-22,1.41,0.58,1.64
2018-01-23,1.41,0.57,1.64
2018-01-24,1.41,0.57,1.65
2018-01-25,1.41,0.55,1.61
2018-01-26,1.41,0.53,1.6
2018-01-29,1.41,0.59,1.59
2018-01-30,1.41,0.6,1.59
2018-01-31,1.41,0.58,1.56
2018-02-01,1.57,0.62,1.56
2018-02-02,1.57,0.69,1.58
2018-02-05,1.57,0.69,1.63
2018-02-06,1.57,0.69,1.61
2018-02-07,1.57,0.69,1.62
2018-02-08,1.57,0.72,1.63
2018-02-09,1.57,0.78,1.67
2018-02-12,1.57,0.77,1.64
2018-02-13,1.57,0.73,1.69
2018-02-14,1.57,0.74,1.66
2018-02-15,1.57,0.71,1.63
2018-02-16,1.57,0.66,1.66
2018-02-19,1.57,0.66,1.66
2018-02-20,1.57,0.63,1.67
2018-02-21,1.57,0.68,1.67
2018-02-22,1.57,0.67,1.68
2018-02-23,1.57,0.63,1.68
2018-02-26,1.57,0.64,1.7
2018-02-27,1.57,0.63,1.69
2018-02-28,1.57,0.62,1.68
2018-03-01,1.7,0.59,1.72
2018-03-02,1.7,0.61,1.72
2018-03-05,1.7,0.64,1.72
2018-03-06,1.7,0.63,1.75
2018-03-07,1.7,0.64,1.77
2018-03-08,1.7,0.61,1.78
2018-03-09,1.7,0.63,1.77
2018-03-12,1.7,0.6,1.79
2018-03-13,1.7,0.58,1.8
2018-03-14,1.7,0.55,1.8
2018-03-15,1.7,0.53,1.81
2018-03-16,1.7,0.54,1.79
2018-03-19,1.7,0.54,1.8
2018-03-20,1.7,0.55,1.79
2018-03-21,1.7,0.58,1.82
2018-03-22,1.7,0.54,1.84
2018-03-23,1.7,0.54,1.87
2018-03-26,1.7,0.52,1.84
2018-03-27,1.7,0.52,1.86
2018-03-28,1.7,0.49,1.86
2018-03-29,1.7,0.47,1.85
2018-03-30,1.7,0.47,1.85
2018-04-01,1.76,0.47,1.85
2018-04-02,1.76,0.48,1.86
2018-04-03,1.76,0.51,1.84
2018-04-04,1.76,0.51,1.85
2018-04-05,1.76,0.53,1.84
2018-04-06,1.76,0.5,1.84
2018-04-09,1.76,0.49,1.83
2018-04-10,1.76,0.48,1.8
2018-04-11,1.76,0.47,1.8
2018-04-12,1.76,0.49,1.79
2018-04-13,1.76,0.45,1.79
2018-04-16,1.76,0.44,1.77
2018-04-17,1.76,0.41,1.76
2018-04-18,1.76,0.45,1.76
2018-04-19,1.76,0.48,1.77
2018-04-20,1.76,0.5,1.78
2018-04-23,1.76,0.49,1.76
2018-04-24,1.76,0.52,1.77
2018-04-25,1.76,0.54,1.8
2018-04-26,1.76,0.51,1.8
2018-04-27,1.76,0.47,1.8
2018-04-30,1.76,0.46,1.79
2018-05-01,1.86,0.47,1.82
2018-05-02,1.86,0.48,1.83
2018-05-03,1.86,0.45,1.86
2018-05-04,1.86,0.44,1.86
2018-05-07,1.86,0.46,1.87
2018-05-08,1.86,0.46,1.87
2018-05-09,1.86,0.46,1.86
2018-05-10,1.86,0.43,1.84
2018-05-11,1.86,0.43,1.82
2018-05-14,1.86,0.45,1.81
2018-05-15,1.86,0.5,1.81
2018-05-16,1.86,0.51,1.8
2018-05-17,1.86,0.54,1.82
2018-05-18,1.86,0.51,1.83
2018-05-21,1.86,0.48,1.83
2018-05-22,1.86,0.47,1.83
2018-05-23,1.86,0.48,1.84
2018-05-24,1.86,0.48,1.84
2018-05-25,1.86,0.45,1.85
2018-05-28,1.86,0.45,1.85
2018-05-29,1.86,0.45,1.96
2018-05-30,1.86,0.42,1.91
2018-05-31,1.86,0.43,1.89
2018-06-01,1.9,0.42,1.9
2018-06-04,1.9,0.42,1.88
2018-06-05,1.9,0.43,1.9
2018-06-06,1.9,0.45,1.91
2018-06-07,1.9,0.43,1.89
2018-06-08,1.9,0.43,1.9
2018-06-11,1.9,0.44,1.89
2018-06-12,1.9,0.42,1.88
2018-06-13,1.9,0.39,1.87
2018-06-14,1.9,0.35,1.88
2018-06-15,1.9,0.38,1.87
2018-06-18,1.9,0.36,1.9
2018-06-19,1.9,0.35,1.91
2018-06-20,1.9,0.37,1.92
2018-06-21,1.9,0.34,1.95
2018-06-22,1.9,0.34,1.97
2018-06-25,1.9,0.33,1.99
2018-06-26,1.9,0.35,1.99
2018-06-27,1.9,0.31,1.98
2018-06-28,1.9,0.32,2.0
2018-06-29,1.9,0.33,1.99
2018-07-01,1.96,0.33,1.99
2018-07-02,1.96,0.3,1.97
2018-07-03,1.96,0.3,1.99
2018-07-04,1.96,0.3,1.99
2018-07-05,1.96,0.29,1.95
2018-07-06,1.96,0.29,1.96
2018-07-09,1.96,0.29,1.93
2018-07-10,1.96,0.28,1.91
2018-07-11,1.96,0.27,1.91
2018-07-12,1.96,0.25,1.9
2018-07-13,1.96,0.24,1.9
2018-07-16,1.96,0.26,1.91
2018-07-17,1.96,0.24,1.9
2018-07-18,1.96,0.28,1.89
2018-07-19,1.96,0.24,1.9
2018-07-20,1.96,0.29,1.91
2018-07-23,1.96,0.32,1.91
2018-07-24,1.96,0.32,1.88
2018-07-25,1.96,0.28,1.87
2018-07-26,1.96,0.29,1.85
2018-07-27,1.96,0.29,1.84
2018-07-30,1.96,0.32,1.84
2018-07-31,1.96,0.29,1.83
2018-08-01,2.03,0.33,1.83
2018-08-02,2.03,0.32,1.84
2018-08-03,2.03,0.32,1.84
2018-08-06,2.03,0.3,1.82
2018-08-07,2.03,0.3,1.82
2018-08-08,2.03,0.28,1.84
2018-08-09,2.03,0.29,1.85
2018-08-10,2.03,0.26,1.87
2018-08-13,2.03,0.27,1.91
2018-08-14,2.03,0.26,1.9
2018-08-15,2.03,0.25,1.9
2018-08-16,2.03,0.24,1.89
2018-08-17,2.03,0.26,1.89
2018-08-20,2.03,0.22,1.89
2018-08-21,2.03,0.24,1.88
2018-08-22,2.03,0.22,1.91
2018-08-23,2.03,0.21,1.9
2018-08-24,2.03,0.19,1.9
2018-08-27,2.03,0.18,1.89
2018-08-28,2.03,0.21,1.9
2018-08-29,2.03,0.22,1.88
2018-08-30,2.03,0.22,1.9
2018-08-31,2.03,0.24,1.92
2018-09-01,2.13,0.24,1.92
2018-09-03,2.13,0.24,1.92
2018-09-04,2.13,0.24,1.94
2018-09-05,2.13,0.24,1.95
2018-09-06,2.13,0.24,1.93
2018-09-07,2.13,0.23,1.93
2018-09-10,2.13,0.21,1.92
2018-09-11,2.13,0.22,1.9
2018-09-12,2.13,0.23,1.89
2018-09-13,2.13,0.21,1.87
2018-09-14,2.13,0.21,1.88
2018-09-17,2.13,0.21,1.88
2018-09-18,2.13,0.24,1.88
2018-09-19,2.13,0.27,1.88
2018-09-20,2.13,0.26,1.85
2018-09-21,2.13,0.26,1.83
2018-09-24,2.13,0.25,1.84
2018-09-25,2.13,0.27,1.83
2018-09-26,2.13,0.23,1.84
2018-09-27,2.13,0.23,1.83
2018-09-28,2.13,0.24,1.84
2018-10-01,2.25,0.27,1.83
2018-10-02,2.25,0.23,1.84
2018-10-03,2.25,0.3,1.83
2018-10-04,2.25,0.32,1.84
2018-10-05,2.25,0.35,1.85
2018-10-08,2.25,0.35,1.85
2018-10-09,2.25,0.33,1.84
2018-10-10,2.25,0.34,1.86
2018-10-11,2.25,0.29,1.88
2018-10-12,2.25,0.3,1.88
2018-10-15,2.25,0.31,1.89
2018-10-16,2.25,0.29,1.88
2018-10-17,2.25,0.3,1.88
2018-10-18,2.25,0.3,1.92
2018-10-19,2.25,0.28,1.92
2018-10-22,2.25,0.28,1.92
2018-10-23,2.25,0.28,1.96
2018-10-24,2.25,0.26,1.99
2018-10-25,2.25,0.28,1.98
2018-10-26,2.25,0.27,2.02
2018-10-29,2.25,0.27,2.02
2018-10-30,2.25,0.28,2.03
2018-10-31,2.25,0.28,2.03
2018-11-01,2.33,0.3,2.04
2018-11-02,2.33,0.31,2.02
2018-11-05,2.33,0.29,2.02
2018-11-06,2.33,0.29,1.98
2018-11-07,2.33,0.26,1.96
2018-11-08,2.33,0.26,1.96
2018-11-09,2.33,0.25,1.98
2018-11-12,2.33,0.25,1.98
2018-11-13,2.33,0.25,2.04
2018-11-14,2.33,0.26,2.09
2018-11-15,2.33,0.25,2.13
2018-11-16,2.33,0.27,2.13
2018-11-19,2.33,0.27,2.16
2018-11-20,2.33,0.27,2.17
2018-11-21,2.33,0.25,2.17
2018-11-22,2.33,0.25,2.17
2018-11-23,2.33,0.24,2.18
2018-11-26,2.33,0.23,2.16
2018-11-27,2.33,0.23,2.2
2018-11-28,2.33,0.25,2.22
2018-11-29,2.33,0.22,2.26
2018-11-30,2.33,0.21,2.27
2018-12-01,2.37,0.21,2.27
2018-12-03,2.37,0.15,2.26
2018-12-04,2.37,0.11,2.25
2018-12-05,2.37,0.11,2.25
2018-12-06,2.37,0.12,2.29
2018-12-07,2.37,0.13,2.31
2018-12-10,2.37,0.13,2.31
2018-12-11,2.37,0.11,2.26
2018-12-12,2.37,0.14,2.24
2018-12-13,2.37,0.16,2.25
2018-12-14,2.37,0.16,2.25
2018-12-17,2.37,0.16,2.25
2018-12-18,2.37,0.17,2.26
2018-12-19,2.37,0.14,2.27
2018-12-20,2.37,0.12,2.28
2018-12-21,2.37,0.16,2.31
2018-12-24,2.37,0.19,2.35
2018-12-25,2.37,0.19,2.35
2018-12-26,2.37,0.2,2.33
2018-12-27,2.37,0.21,2.36
2018-12-28,2.37,0.2,2.44
2018-12-31,2.37,0.21,2.45
2019-01-01,2.37,0.21,2.45
2019-01-02,2.37,0.16,2.45
2019-01-03,2.37,0.17,2.48
2019-01-04,2.37,0.17,2.45
2019-01-07,2.37,0.17,2.42
2019-01-08,2.37,0.15,2.39
2019-01-09,2.37,0.18,2.39
2019-01-10,2.37,0.18,2.42
2019-01-11,2.37,0.16,2.42
2019-01-14,2.37,0.18,2.46
2019-01-15,2.37,0.19,2.46
2019-01-16,2.37,0.18,2.45
2019-01-17,2.37,0.19,2.43
2019-01-18,2.37,0.17,2.38
2019-01-21,2.37,0.17,2.38
2019-01-22,2.37,0.16,2.38
2019-01-23,2.37,0.18,2.37
2019-01-24,2.37,0.16,2.37
2019-01-25,2.37,0.16,2.34
2019-01-28,2.37,0.15,2.36
2019-01-29,2.37,0.16,2.36
2019-01-30,2.37,0.18,2.37
2019-01-31,2.37,0.18,2.38
2019-02-01,2.39,0.18,2.31
2019-02-04,2.39,0.2,2.3
2019-02-05,2.39,0.18,2.27
2019-02-06,2.39,0.18,2.28
2019-02-07,2.39,0.17,2.31
2019-02-08,2.39,0.18,2.3
2019-02-11,2.39,0.17,2.3
2019-02-12,2.39,0.18,2.3
2019-02-13,2.39,0.18,2.27
2019-02-14,2.39,0.16,2.3
2019-02-15,2.39,0.14,2.28
2019-02-18,2.39,0.14,2.28
2019-02-19,2.39,0.15,2.28
2019-02-20,2.39,0.15,2.23
2019-02-21,2.39,0.16,2.23
2019-02-22,2.39,0.17,2.25
2019-02-25,2.39,0.16,2.23
2019-02-26,2.39,0.16,2.24
2019-02-27,2.39,0.19,2.25
2019-02-28,2.39,0.21,2.22
2019-03-01,2.4,0.21,2.22
2019-03-04,2.4,0.17,2.22
2019-03-05,2.4,0.17,2.22
2019-03-06,2.4,0.17,2.25
2019-03-07,2.4,0.17,2.25
2019-03-08,2.4,0.17,2.27
2019-03-11,2.4,0.17,2.27
2019-03-12,2.4,0.16,2.25
2019-03-13,2.4,0.16,2.26
2019-03-14,2.4,0.17,2.27
2019-03-15,2.4,0.16,2.28
2019-03-18,2.4,0.15,2.27
2019-03-19,2.4,0.15,2.27
2019-03-20,2.4,0.14,2.29
2019-03-21,2.4,0.13,2.28
2019-03-22,2.4,0.13,2.3
2019-03-25,2.4,0.17,2.28
2019-03-26,2.4,0.17,2.3
2019-03-27,2.4,0.17,2.28
2019-03-28,2.4,0.16,2.27
2019-03-29,2.4,0.14,2.26
2019-04-01,2.38,0.16,2.24
2019-04-02,2.38,0.18,2.24
2019-04-03,2.38,0.19,2.23
2019-04-04,2.38,0.18,2.22
2019-04-05,2.38,0.15,2.22
2019-04-08,2.38,0.16,2.21
2019-04-09,2.38,0.16,2.19
2019-04-10,2.38,0.17,2.21
2019-04-11,2.38,0.16,2.2
2019-04-12,2.38,0.16,2.15
2019-04-15,2.38,0.15,2.15
2019-04-16,2.38,0.19,2.12
2019-04-17,2.38,0.19,2.13
2019-04-18,2.38,0.19,2.12
2019-04-19,2.38,0.19,2.12
2019-04-22,2.38,0.21,2.14
2019-04-23,2.38,0.21,2.14
2019-04-24,2.38,0.21,2.14
2019-04-25,2.38,0.21,2.14
2019-04-26,2.38,0.23,2.13
2019-04-29,2.38,0.24,2.13
2019-04-30,2.38,0.24,2.14
2019-05-01,2.35,0.21,2.11
2019-05-02,2.35,0.2,2.12
2019-05-03,2.35,0.21,2.11
2019-05-06,2.35,0.2,2.14
2019-05-07,2.35,0.17,2.17
2019-05-08,2.35,0.19,2.17
2019-05-09,2.35,0.19,2.21
2019-05-10,2.35,0.21,2.2
2019-05-13,2.35,0.22,2.25
2019-05-14,2.35,0.22,2.24
2019-05-15,2.35,0.21,2.26
2019-05-16,2.35,0.2,2.24
2019-05-17,2.35,0.19,2.24
2019-05-20,2.35,0.2,2.24
2019-05-21,2.35,0.17,2.23
2019-05-22,2.35,0.16,2.26
2019-05-23,2.35,0.19,2.28
2019-05-24,2.35,0.16,2.31
2019-05-27,2.35,0.16,2.31
2019-05-28,2.35,0.14,2.32
2019-05-29,2.35,0.16,2.33
2019-05-30,2.35,0.16,2.33
2019-05-31,2.35,0.19,2.37
2019-06-01,2.17,0.19,2.37
2019-06-03,2.17,0.25,2.42
2019-06-04,2.17,0.24,2.42
2019-06-05,2.17,0.29,2.45
2019-06-06,2.17,0.24,2.44
2019-06-07,2.17,0.24,2.42
2019-06-10,2.17,0.25,2.39
2019-06-11,2.17,0.22,2.38
2019-06-12,2.17,0.25,2.41
2019-06-13,2.17,0.27,2.42
2019-06-14,2.17,0.25,2.42
2019-06-17,2.17,0.23,2.41
2019-06-18,2.17,0.2,2.4
2019-06-19,2.17,0.29,2.41
2019-06-20,2.17,0.29,2.38
2019-06-21,2.17,0.3,2.35
2019-06-24,2.17,0.3,2.33
2019-06-25,2.17,0.29,2.34
2019-06-26,2.17,0.28,2.32
2019-06-27,2.17,0.27,2.31
2019-06-28,2.17,0.25,2.31
2019-07-01,2.1,0.25,2.29
2019-07-02,2.1,0.21,2.29
2019-07-03,2.1,0.19,2.26
2019-07-04,2.1,0.19,2.26
2019-07-05,2.1,0.17,2.26
2019-07-08,2.1,0.17,2.23
2019-07-09,2.1,0.15,2.22
2019-07-10,2.1,0.25,2.25
2019-07-11,2.1,0.28,2.25
2019-07-12,2.1,0.28,2.25
2019-07-15,2.1,0.26,2.25
2019-07-16,2.1,0.26,2.23
2019-07-17,2.1,0.23,2.24
2019-07-18,2.1,0.27,2.27
2019-07-19,2.1,0.25,2.26
2019-07-22,2.1,0.25,2.24
2019-07-23,2.1,0.25,2.23
2019-07-24,2.1,0.22,2.15
2019-07-25,2.1,0.22,2.14
2019-07-26,2.1,0.22,2.13
2019-07-29,2.1,0.21,2.13
2019-07-30,2.1,0.21,2.14
2019-07-31,2.1,0.13,2.13
2019-08-01,1.95,0.17,2.17
2019-08-02,1.95,0.14,2.18
2019-08-05,1.95,0.16,2.24
2019-08-06,1.95,0.13,2.25
2019-08-07,1.95,0.12,2.23
2019-08-08,1.95,0.1,2.25
2019-08-09,1.95,0.11,2.23
2019-08-12,1.95,0.07,2.23
2019-08-13,1.95,0.02,2.22
2019-08-14,1.95,0.01,2.23
2019-08-15,1.95,0.04,2.27
2019-08-16,1.95,0.07,2.26
2019-08-19,1.95,0.07,2.29
2019-08-20,1.95,0.05,2.3
2019-08-21,1.95,0.03,2.25
2019-08-22,1.95,0.01,2.25
2019-08-23,1.95,0.01,2.27
2019-08-26,1.95,0.0,2.27
2019-08-27,1.95,-0.04,2.26
2019-08-28,1.95,-0.03,2.26
2019-08-29,1.95,-0.03,2.27
2019-08-30,1.95,0.0,2.26
2019-09-01,1.89,0.0,2.26
2019-09-02,1.89,0.0,2.26
2019-09-03,1.89,0.0,2.28
2019-09-04,1.89,0.04,2.29
2019-09-05,1.89,0.02,2.28
2019-09-06,1.89,0.02,2.26
2019-09-09,1.89,0.05,2.23
2019-09-10,1.89,0.05,2.22
2019-09-11,1.89,0.07,2.22
2019-09-12,1.89,0.07,2.22
2019-09-13,1.89,0.11,2.21
2019-09-16,1.89,0.1,2.2
2019-09-17,1.89,0.09,2.21
2019-09-18,1.89,0.03,2.18
2019-09-19,1.89,0.05,2.17
2019-09-20,1.89,0.05,2.19
2019-09-23,1.89,0.04,2.17
2019-09-24,1.89,0.04,2.2
2019-09-25,1.89,0.05,2.2
2019-09-26,1.89,0.04,2.18
2019-09-27,1.89,0.06,2.19
2019-09-30,1.89,0.05,2.2
2019-10-01,1.65,0.09,2.22
2019-10-02,1.65,0.12,2.26
2019-10-03,1.65,0.15,2.29
2019-10-04,1.65,0.12,2.29
2019-10-07,1.65,0.1,2.28
2019-10-08,1.65,0.12,2.3
2019-10-09,1.65,0.12,2.29
2019-10-10,1.65,0.14,2.27
2019-10-11,1.65,0.13,2.22
2019-10-14,1.65,0.13,2.22
2019-10-15,1.65,0.16,2.21
2019-10-16,1.65,0.17,2.22
2019-10-17,1.65,0.16,2.21
2019-10-18,1.65,0.18,2.21
2019-10-21,1.65,0.18,2.19
2019-10-22,1.65,0.18,2.17
2019-10-23,1.65,0.19,2.18
2019-10-24,1.65,0.19,2.17
2019-10-25,1.65,0.17,2.16
2019-10-28,1.65,0.21,2.16
2019-10-29,1.65,0.2,2.15
2019-10-30,1.65,0.17,2.17
2019-10-31,1.65,0.17,2.18
2019-11-01,1.54,0.17,2.16
2019-11-04,1.54,0.19,2.16
2019-11-05,1.54,0.23,2.15
2019-11-06,1.54,0.2,2.14
2019-11-07,1.54,0.24,2.13
2019-11-08,1.54,0.26,2.11
2019-11-11,1.54,0.26,2.11
2019-11-12,1.54,0.26,2.1
2019-11-13,1.54,0.25,2.11
2019-11-14,1.54,0.24,2.13
2019-11-15,1.54,0.23,2.13
2019-11-18,1.54,0.21,2.14
2019-11-19,1.54,0.19,2.13
2019-11-20,1.54,0.17,2.16
2019-11-21,1.54,0.17,2.15
2019-11-22,1.54,0.16,2.14
2019-11-25,1.54,0.15,2.13
2019-11-26,1.54,0.16,2.11
2019-11-27,1.54,0.14,2.09
2019-11-28,1.54,0.14,2.09
2019-11-29,1.54,0.17,2.08
2019-12-01,1.54,0.17,2.08
2019-12-02,1.54,0.22,2.11
2019-12-03,1.54,0.19,2.11
2019-12-04,1.54,0.19,2.11
2019-12-05,1.54,0.22,2.09
2019-12-06,1.54,0.23,2.07
2019-12-09,1.54,0.2,2.05
2019-12-10,1.54,0.2,2.01
2019-12-11,1.54,0.18,2.04
2019-12-12,1.54,0.24,2.02
2019-12-13,1.54,0.21,2.02
2019-12-16,1.54,0.24,2.0
2019-12-17,1.54,0.26,1.99
2019-12-18,1.54,0.29,1.98
2019-12-19,1.54,0.3,1.96
2019-12-20,1.54,0.29,1.96
2019-12-23,1.54,0.29,1.96
2019-12-24,1.54,0.28,1.97
2019-12-25,1.54,0.28,1.97
2019-12-26,1.54,0.26,1.97
2019-12-27,1.54,0.29,1.96
2019-12-30,1.54,0.32,1.97
2019-12-31,1.54,0.34,1.98
2020-01-01,1.52,0.34,1.98
2020-01-02,1.52,0.3,1.98
2020-01-03,1.52,0.27,1.99
2020-01-06,1.52,0.27,2.02
2020-01-07,1.52,0.29,2.03
2020-01-08,1.52,0.29,2.05
2020-01-09,1.52,0.27,2.03
2020-01-10,1.52,0.27,1.99
2020-01-13,1.52,0.27,1.99
2020-01-14,1.52,0.24,1.99
2020-01-15,1.52,0.23,2.01
2020-01-16,1.52,0.23,2.0
2020-01-17,1.52,0.26,1.98
2020-01-20,1.52,0.26,1.98
2020-01-21,1.52,0.25,1.97
2020-01-22,1.52,0.24,1.97
2020-01-23,1.52,0.23,1.98
2020-01-24,1.52,0.21,1.98
2020-01-27,1.52,0.17,2.04
2020-01-28,1.52,0.2,2.04
2020-01-29,1.52,0.18,2.05
2020-01-30,1.52,0.16,2.08
2020-01-31,1.52,0.18,2.13
2020-02-01,1.52,0.18,2.13
2020-02-03,1.52,0.18,2.1
2020-02-04,1.52,0.2,2.09
2020-02-05,1.52,0.22,2.07
2020-02-06,1.52,0.21,2.05
2020-02-07,1.52,0.18,2.05
2020-02-10,1.52,0.19,2.06
2020-02-11,1.52,0.18,2.05
2020-02-12,1.52,0.18,2.06
2020-02-13,1.52,0.17,2.05
2020-02-14,1.52,0.17,2.04
2020-02-17,1.52,0.17,2.04
2020-02-18,1.52,0.14,2.05
2020-02-19,1.52,0.14,2.05
2020-02-20,1.52,0.13,2.05
2020-02-21,1.52,0.12,2.09
2020-02-24,1.52,0.12,2.13
2020-02-25,1.52,0.13,2.19
2020-02-26,1.52,0.17,2.2
2020-02-27,1.52,0.19,2.27
2020-02-28,1.52,0.27,2.38
2020-03-01,0.29,0.27,2.38
2020-03-02,0.29,0.26,2.44
2020-03-03,0.29,0.31,2.48
2020-03-04,0.29,0.35,2.47
2020-03-05,0.29,0.33,2.52
2020-03-06,0.29,0.25,2.55
2020-03-09,0.29,0.16,2.93
2020-03-10,0.29,0.26,2.93
2020-03-11,0.29,0.32,2.99
2020-03-12,0.29,0.38,3.2
2020-03-13,0.29,0.45,3.3
2020-03-16,0.29,0.37,3.38
2020-03-17,0.29,0.55,3.49
2020-03-18,0.29,0.64,3.81
2020-03-19,0.29,0.68,4.01
2020-03-20,0.29,0.55,4.23
2020-03-23,0.29,0.48,4.31
2020-03-24,0.29,0.46,4.19
2020-03-25,0.29,0.54,4.13
2020-03-26,0.29,0.53,4.04
2020-03-27,0.29,0.47,3.98
2020-03-30,0.29,0.47,3.89
2020-03-31,0.29,0.47,3.93
2020-04-01,0.14,0.39,3.97
2020-04-02,0.14,0.4,3.92
2020-04-03,0.14,0.39,3.92
2020-04-06,0.14,0.4,3.91
2020-04-07,0.14,0.47,3.79
2020-04-08,0.14,0.5,3.75
2020-04-09,0.14,0.5,3.61
2020-04-10,0.14,0.5,3.61
2020-04-13,0.14,0.51,3.41
2020-04-14,0.14,0.53,3.36
2020-04-15,0.14,0.43,3.33
2020-04-16,0.14,0.41,3.28
2020-04-17,0.14,0.45,3.27
2020-04-20,0.14,0.43,3.28
2020-04-21,0.14,0.38,3.29
2020-04-22,0.14,0.41,3.3
2020-04-23,0.14,0.39,3.26
2020-04-24,0.14,0.38,3.25
2020-04-27,0.14,0.43,3.24
2020-04-28,0.14,0.42,3.25
2020-04-29,0.14,0.43,3.24
2020-04-30,0.14,0.44,3.23
2020-05-01,0.13,0.44,3.25
2020-05-04,0.13,0.45,3.28
2020-05-05,0.13,0.47,3.28
2020-05-06,0.13,0.55,3.31
2020-05-07,0.13,0.5,3.34
2020-05-08,0.13,0.53,3.37
2020-05-11,0.13,0.56,3.41
2020-05-12,0.13,0.52,3.4
2020-05-13,0.13,0.48,3.43
2020-05-14,0.13,0.47,3.41
2020-05-15,0.13,0.48,3.41
2020-05-18,0.13,0.55,3.38
2020-05-19,0.13,0.53,3.3
2020-05-20,0.13,0.52,3.24
2020-05-21,0.13,0.51,3.18
2020-05-22,0.13,0.49,3.18
2020-05-25,0.13,0.49,3.18
2020-05-26,0.13,0.51,3.14
2020-05-27,0.13,0.49,3.11
2020-05-28,0.13,0.53,3.1
2020-05-29,0.13,0.49,3.08
2020-06-01,0.16,0.52,3.1
2020-06-02,0.16,0.51,3.08
2020-06-03,0.16,0.58,3.02
2020-06-04,0.16,0.63,2.99
2020-06-05,0.16,0.69,2.86
2020-06-08,0.16,0.66,2.81
2020-06-09,0.16,0.64,2.8
2020-06-10,0.16,0.58,2.86
2020-06-11,0.16,0.47,2.91
2020-06-12,0.16,0.52,2.91
2020-06-15,0.16,0.52,2.93
2020-06-16,0.16,0.54,2.89
2020-06-17,0.16,0.55,2.87
2020-06-18,0.16,0.52,2.86
2020-06-19,0.16,0.51,2.87
2020-06-22,0.16,0.52,2.86
2020-06-23,0.16,0.54,2.87
2020-06-24,0.16,0.5,2.89
2020-06-25,0.16,0.51,2.92
2020-06-26,0.16,0.47,2.92
2020-06-29,0.16,0.48,2.94
2020-06-30,0.16,0.5,2.93
2020-07-01,0.13,0.52,2.89
2020-07-02,0.13,0.52,2.87
2020-07-03,0.13,0.52,2.87
2020-07-06,0.13,0.53,2.83
2020-07-07,0.13,0.49,2.81
2020-07-08,0.13,0.51,2.77
2020-07-09,0.13,0.46,2.73
2020-07-10,0.13,0.49,2.74
2020-07-13,0.13,0.48,2.74
2020-07-14,0.13,0.49,2.71
2020-07-15,0.13,0.48,2.71
2020-07-16,0.13,0.46,2.69
2020-07-17,0.13,0.5,2.68
2020-07-20,0.13,0.46,2.66
2020-07-21,0.13,0.47,2.63
2020-07-22,0.13,0.46,2.61
2020-07-23,0.13,0.43,2.58
2020-07-24,0.13,0.45,2.58
2020-07-27,0.13,0.47,2.56
2020-07-28,0.13,0.45,2.57
2020-07-29,0.13,0.46,2.61
2020-07-30,0.13,0.44,2.6
2020-07-31,0.13,0.44,2.6
2020-08-01,0.1,0.44,2.6
2020-08-03,0.1,0.45,2.63
2020-08-04,0.1,0.41,2.62
2020-08-05,0.1,0.44,2.59
2020-08-06,0.1,0.44,2.57
2020-08-07,0.1,0.44,2.57
2020-08-10,0.1,0.45,2.56
2020-08-11,0.1,0.48,2.59
2020-08-12,0.1,0.53,2.55
2020-08-13,0.1,0.55,2.59
2020-08-14,0.1,0.57,2.61
2020-08-17,0.1,0.55,2.64
2020-08-18,0.1,0.53,2.64
2020-08-19,0.1,0.54,2.65
2020-08-20,0.1,0.52,2.65
2020-08-21,0.1,0.48,2.64
2020-08-24,0.1,0.51,2.63
2020-08-25,0.1,0.54,2.63
2020-08-26,0.1,0.53,2.66
2020-08-27,0.1,0.58,2.71
2020-08-28,0.1,0.6,2.71
2020-08-31,0.1,0.58,2.67
2020-09-01,0.11,0.55,2.67
2020-09-02,0.11,0.52,2.64
2020-09-03,0.11,0.5,2.64
2020-09-04,0.11,0.58,2.68
2020-09-07,0.11,0.58,2.68
2020-09-08,0.11,0.55,2.67
2020-09-09,0.11,0.57,2.69
2020-09-10,0.11,0.54,2.69
2020-09-11,0.11,0.54,2.69
2020-09-14,0.11,0.54,2.66
2020-09-15,0.11,0.54,2.68
2020-09-16,0.11,0.55,2.67
2020-09-17,0.11,0.56,2.65
2020-09-18,0.11,0.56,2.66
2020-09-21,0.11,0.54,2.66
2020-09-22,0.11,0.55,2.66
2020-09-23,0.11,0.54,2.68
2020-09-24,0.11,0.53,2.7
2020-09-25,0.11,0.54,2.74
2020-09-28,0.11,0.53,2.76
2020-09-29,0.11,0.55,2.74
2020-09-30,0.11,0.56,2.75
2020-10-01,0.1,0.54,2.75
2020-10-02,0.1,0.57,2.76
2020-10-05,0.1,0.64,2.74
2020-10-06,0.1,0.62,2.7
2020-10-07,0.1,0.65,2.69
2020-10-08,0.1,0.65,2.68
2020-10-09,0.1,0.63,2.67
2020-10-12,0.1,0.63,2.67
2020-10-13,0.1,0.58,2.65
2020-10-14,0.1,0.59,2.64
2020-10-15,0.1,0.6,2.65
2020-10-16,0.1,0.62,2.64
2020-10-19,0.1,0.62,2.61
2020-10-20,0.1,0.67,2.64
2020-10-21,0.1,0.69,2.63
2020-10-22,0.1,0.71,2.61
2020-10-23,0.1,0.67,2.6
2020-10-26,0.1,0.65,2.6
2020-10-27,0.1,0.63,2.6
2020-10-28,0.1,0.63,2.62
2020-10-29,0.1,0.69,2.61
2020-10-30,0.1,0.74,2.61
2020-11-01,0.09,0.74,2.61
2020-11-02,0.09,0.71,2.6
2020-11-03,0.09,0.73,2.58
2020-11-04,0.09,0.64,2.58
2020-11-05,0.09,0.65,2.52
2020-11-06,0.09,0.67,2.51
2020-11-09,0.09,0.79,2.47
2020-11-10,0.09,0.79,2.44
2020-11-11,0.09,0.79,2.44
2020-11-12,0.09,0.71,2.45
2020-11-13,0.09,0.72,2.44
2020-11-16,0.09,0.72,2.42
2020-11-17,0.09,0.69,2.42
2020-11-18,0.09,0.72,2.39
2020-11-19,0.09,0.68,2.35
2020-11-20,0.09,0.67,2.35
2020-11-23,0.09,0.7,2.33
2020-11-24,0.09,0.72,2.31
2020-11-25,0.09,0.71,2.32
2020-11-26,0.09,0.71,2.32
2020-11-27,0.09,0.68,2.32
2020-11-30,0.09,0.68,2.29
2020-12-01,0.09,0.75,2.28
2020-12-02,0.09,0.79,2.24
2020-12-03,0.09,0.76,2.23
2020-12-04,0.09,0.81,2.23
2020-12-07,0.09,0.8,2.22
2020-12-08,0.09,0.78,2.22
2020-12-09,0.09,0.79,2.24
2020-12-10,0.09,0.78,2.22
2020-12-11,0.09,0.79,2.23
2020-12-14,0.09,0.77,2.24
2020-12-15,0.09,0.81,2.26
2020-12-16,0.09,0.79,2.25
2020-12-17,0.09,0.81,2.23
2020-12-18,0.09,0.82,2.24
2020-12-21,0.09,0.82,2.23
2020-12-22,0.09,0.8,2.22
2020-12-23,0.09,0.83,2.24
2020-12-24,0.09,0.81,2.23
2020-12-25,0.09,0.81,2.23
2020-12-28,0.09,0.81,2.22
2020-12-29,0.09,0.82,2.22
2020-12-30,0.09,0.81,2.2
2020-12-31,0.09,0.8,2.18
2021-01-01,0.08,0.8,2.18
2021-01-04,0.08,0.82,2.19
2021-01-05,0.08,0.83,2.23
2021-01-06,0.08,0.9,2.27
2021-01-07,0.08,0.94,2.23
2021-01-08,0.08,0.99,2.19
2021-01-11,0.08,1.01,2.15
2021-01-12,0.08,1.01,2.16
2021-01-13,0.08,0.96,2.13
2021-01-14,0.08,0.99,2.12
2021-01-15,0.08,0.98,2.13
2021-01-18,0.08,0.98,2.13
2021-01-19,0.08,0.96,2.11
2021-01-20,0.08,0.97,2.11
2021-01-21,0.08,0.99,2.12
2021-01-22,0.08,0.97,2.14
2021-01-25,0.08,0.92,2.15
2021-01-26,0.08,0.94,2.16
2021-01-27,0.08,0.92,2.16
2021-01-28,0.08,0.95,2.17
2021-01-29,0.08,1.0,2.17
2021-02-01,0.04,0.98,2.19
2021-02-02,0.04,1.01,2.18
2021-02-03,0.04,1.04,2.17
2021-02-04,0.04,1.04,2.19
2021-02-05,0.04,1.1,2.18
2021-02-08,0.04,1.08,2.14
2021-02-09,0.04,1.07,2.15
2021-02-10,0.04,1.04,2.16
2021-02-11,0.04,1.05,2.18
2021-02-12,0.04,1.09,2.19
2021-02-15,0.04,1.09,2.19
2021-02-16,0.04,1.17,2.15
2021-02-17,0.04,1.18,2.13
2021-02-18,0.04,1.18,2.13
2021-02-19,0.04,1.23,2.14
2021-02-22,0.04,1.26,2.16
2021-02-23,0.04,1.26,2.2
2021-02-24,0.04,1.26,2.22
2021-02-25,0.04,1.37,2.12
2021-02-26,0.04,1.3,2.12
2021-03-01,0.03,1.32,2.13
2021-03-02,0.03,1.29,2.15
2021-03-03,0.03,1.33,2.14
2021-03-04,0.03,1.4,2.13
2021-03-05,0.03,1.42,2.13
2021-03-08,0.03,1.42,2.14
2021-03-09,0.03,1.38,2.16
2021-03-10,0.03,1.37,2.17
2021-03-11,0.03,1.4,2.18
2021-03-12,0.03,1.5,2.19
2021-03-15,0.03,1.48,2.18
2021-03-16,0.03,1.47,2.19
2021-03-17,0.03,1.5,2.23
2021-03-18,0.03,1.55,2.17
2021-03-19,0.03,1.58,2.1
2021-03-22,0.03,1.54,2.08
2021-03-23,0.03,1.48,2.11
2021-03-24,0.03,1.48,2.1
2021-03-25,0.03,1.49,2.11
2021-03-26,0.03,1.53,2.09
2021-03-29,0.03,1.59,2.08
2021-03-30,0.03,1.57,2.04
2021-03-31,0.03,1.58,2.03
2021-04-01,0.02,1.52,1.98
2021-04-02,0.02,1.53,1.98
2021-04-05,0.02,1.56,1.93
2021-04-06,0.02,1.51,1.95
2021-04-07,0.02,1.52,1.96
2021-04-08,0.02,1.5,1.98
2021-04-09,0.02,1.51,1.96
2021-04-12,0.02,1.51,1.95
2021-04-13,0.02,1.48,1.97
2021-04-14,0.02,1.48,1.98
2021-04-15,0.02,1.4,1.95
2021-04-16,0.02,1.43,1.97
2021-04-19,0.02,1.45,1.99
2021-04-20,0.02,1.43,2.0
2021-04-21,0.02,1.42,2.01
2021-04-22,0.02,1.41,1.99
2021-04-23,0.02,1.42,1.99
2021-04-26,0.02,1.4,1.98
2021-04-27,0.02,1.46,1.97
2021-04-28,0.02,1.46,1.98
2021-04-29,0.02,1.49,1.97
2021-04-30,0.02,1.49,1.96
2021-05-01,0.02,1.49,1.96
2021-05-03,0.02,1.47,1.96
2021-05-04,0.02,1.45,1.97
2021-05-05,0.02,1.43,1.98
2021-05-06,0.02,1.42,1.96
2021-05-07,0.02,1.46,1.97
2021-05-10,0.02,1.47,1.98
2021-05-11,0.02,1.48,2.01
2021-05-12,0.02,1.53,2.02
2021-05-13,0.02,1.5,2.04
2021-05-14,0.02,1.47,2.03
2021-05-17,0.02,1.48,2.02
2021-05-18,0.02,1.48,2.03
2021-05-19,0.02,1.52,2.02
2021-05-20,0.02,1.48,2.02
2021-05-21,0.02,1.46,2.01
2021-05-24,0.02,1.46,2.0
2021-05-25,0.02,1.41,2.01
2021-05-26,0.02,1.44,1.98
2021-05-27,0.02,1.47,1.98
2021-05-28,0.02,1.44,1.99
2021-05-31,0.02,1.44,1.99
2021-06-01,0.04,1.46,1.97
2021-06-02,0.04,1.46,1.98
2021-06-03,0.04,1.47,1.96
2021-06-04,0.04,1.42,1.98
2021-06-07,0.04,1.41,1.98
2021-06-08,0.04,1.39,1.98
2021-06-09,0.04,1.34,1.96
2021-06-10,0.04,1.31,2.0
2021-06-11,0.04,1.31,1.97
2021-06-14,0.04,1.35,1.96
2021-06-15,0.04,1.35,1.96
2021-06-16,0.04,1.36,1.91
2021-06-17,0.04,1.29,1.84
2021-06-18,0.04,1.19,1.85
2021-06-21,0.04,1.23,1.88
2021-06-22,0.04,1.23,1.9
2021-06-23,0.04,1.24,1.89
2021-06-24,0.04,1.23,1.88
2021-06-25,0.04,1.26,1.9
2021-06-28,0.04,1.24,1.88
2021-06-29,0.04,1.22,1.87
2021-06-30,0.04,1.2,1.87
2021-07-01,0.05,1.23,1.86
2021-07-02,0.05,1.2,1.87
2021-07-05,0.05,1.2,1.87
2021-07-06,0.05,1.15,1.9
2021-07-07,0.05,1.11,1.89
2021-07-08,0.05,1.11,1.91
2021-07-09,0.05,1.14,1.91
2021-07-12,0.05,1.15,1.91
2021-07-13,0.05,1.16,1.91
2021-07-14,0.05,1.14,1.91
2021-07-15,0.05,1.08,1.92
2021-07-16,0.05,1.06,1.93
2021-07-19,0.05,0.98,1.97
2021-07-20,0.05,1.03,1.98
2021-07-21,0.05,1.08,1.96
2021-07-22,0.05,1.07,1.95
2021-07-23,0.05,1.08,1.93
2021-07-26,0.05,1.07,1.94
2021-07-27,0.05,1.05,1.95
2021-07-28,0.05,1.06,1.96
2021-07-29,0.05,1.08,1.94
2021-07-30,0.05,1.05,1.95
2021-08-01,0.05,1.05,1.95
2021-08-02,0.05,1.03,1.95
2021-08-03,0.05,1.02,1.97
2021-08-04,0.05,1.02,1.96
2021-08-05,0.05,1.02,1.95
2021-08-06,0.05,1.1,1.94
2021-08-09,0.05,1.1,1.95
2021-08-10,0.05,1.12,1.95
2021-08-11,0.05,1.12,1.99
2021-08-12,0.05,1.13,1.99
2021-08-13,0.05,1.06,1.98
2021-08-16,0.05,1.05,1.97
2021-08-17,0.05,1.03,1.98
2021-08-18,0.05,1.04,1.97
2021-08-19,0.05,1.02,1.98
2021-08-20,0.05,1.03,1.96
2021-08-23,0.05,1.02,1.97
2021-08-24,0.05,1.05,1.95
2021-08-25,0.05,1.12,1.93
2021-08-26,0.05,1.09,1.92
2021-08-27,0.05,1.09,1.92
2021-08-30,0.05,1.09,1.92
2021-08-31,0.05,1.1,1.94
2021-09-01,0.04,1.11,1.92
2021-09-02,0.04,1.09,1.92
2021-09-03,0.04,1.12,1.91
2021-09-06,0.04,1.12,1.91
2021-09-07,0.04,1.16,1.91
2021-09-08,0.04,1.13,1.91
2021-09-09,0.04,1.07,1.9
2021-09-10,0.04,1.12,1.88
2021-09-13,0.04,1.12,1.87
2021-09-14,0.04,1.07,1.87
2021-09-15,0.04,1.1,1.85
2021-09-16,0.04,1.11,1.84
2021-09-17,0.04,1.14,1.83
2021-09-20,0.04,1.08,1.84
2021-09-21,0.04,1.11,1.83
2021-09-22,0.04,1.07,1.83
2021-09-23,0.04,1.14,1.81
2021-09-24,0.04,1.18,1.8
2021-09-27,0.04,1.17,1.78
2021-09-28,0.04,1.23,1.8
2021-09-29,0.04,1.25,1.81
2021-09-30,0.04,1.24,1.85
2021-10-01,0.05,1.21,1.85
2021-10-04,0.05,1.22,1.85
2021-10-05,0.05,1.26,1.84
2021-10-06,0.05,1.23,1.84
2021-10-07,0.05,1.26,1.85
2021-10-08,0.05,1.29,1.84
2021-10-11,0.05,1.29,1.84
2021-10-12,0.05,1.24,1.82
2021-10-13,0.05,1.19,1.79
2021-10-14,0.05,1.16,1.81
2021-10-15,0.05,1.18,1.76
2021-10-18,0.05,1.15,1.72
2021-10-19,0.05,1.24,1.72
2021-10-20,0.05,1.25,1.75
2021-10-21,0.05,1.23,1.74
2021-10-22,0.05,1.18,1.72
2021-10-25,0.05,1.17,1.73
2021-10-26,0.05,1.16,1.71
2021-10-27,0.05,1.04,1.69
2021-10-28,0.05,1.07,1.69
2021-10-29,0.05,1.07,1.69
2021-11-01,0.05,1.08,1.69
2021-11-02,0.05,1.1,1.71
2021-11-03,0.05,1.13,1.7
2021-11-04,0.05,1.12,1.73
2021-11-05,0.05,1.06,1.73
2021-11-08,0.05,1.06,1.67
2021-11-09,0.05,1.05,1.67
2021-11-10,0.05,1.05,1.66
2021-11-11,0.05,1.05,1.66
2021-11-12,0.05,1.05,1.69
2021-11-15,0.05,1.1,1.7
2021-11-16,0.05,1.09,1.72
2021-11-17,0.05,1.08,1.74
2021-11-18,0.05,1.07,1.73
2021-11-19,0.05,1.02,1.73
2021-11-22,0.05,1.0,1.71
2021-11-23,0.05,1.07,1.73
2021-11-24,0.05,1.0,1.72
2021-11-25,0.05,1.0,1.72
2021-11-26,0.05,0.98,1.82
2021-11-29,0.05,1.01,1.81
2021-11-30,0.05,0.91,1.81
2021-12-01,0.06,0.87,1.81
2021-12-02,0.06,0.81,1.8
2021-12-03,0.06,0.75,1.81
2021-12-06,0.06,0.78,1.79
2021-12-07,0.06,0.78,1.75
2021-12-08,0.06,0.84,1.79
2021-12-09,0.06,0.79,1.81
2021-12-10,0.06,0.81,1.83
2021-12-13,0.06,0.76,1.82
2021-12-14,0.06,0.77,1.82
2021-12-15,0.06,0.78,1.83
2021-12-16,0.06,0.8,1.87
2021-12-17,0.06,0.75,1.87
2021-12-20,0.06,0.78,1.89
2021-12-21,0.06,0.78,1.88
2021-12-22,0.06,0.78,1.86
2021-12-23,0.06,0.79,1.86
2021-12-24,0.06,0.79,1.86
2021-12-27,0.06,0.72,1.86
2021-12-28,0.06,0.75,1.86
2021-12-29,0.06,0.8,1.85
2021-12-30,0.06,0.79,1.85
2021-12-31,0.06,0.79,1.85
2022-01-01,0.15,0.79,1.85
2022-01-03,0.15,0.85,1.82
2022-01-04,0.15,0.89,1.84
2022-01-05,0.15,0.88,1.8
2022-01-06,0.15,0.85,1.78
2022-01-07,0.15,0.89,1.78
2022-01-10,0.15,0.86,1.76
2022-01-11,0.15,0.85,1.76
2022-01-12,0.15,0.82,1.77
2022-01-13,0.15,0.79,1.8
2022-01-14,0.15,0.79,1.79
2022-01-17,0.15,0.79,1.79
2022-01-18,0.15,0.81,1.78
2022-01-19,0.15,0.79,1.77
2022-01-20,0.15,0.75,1.79
2022-01-21,0.15,0.74,1.84
2022-01-24,0.15,0.76,1.89
2022-01-25,0.15,0.76,1.91
2022-01-26,0.15,0.72,1.84
2022-01-27,0.15,0.63,1.86
2022-01-28,0.15,0.63,1.91
2022-01-31,0.15,0.61,1.93
2022-02-01,0.33,0.63,1.92
2022-02-02,0.33,0.62,1.91
2022-02-03,0.33,0.63,1.92
2022-02-04,0.33,0.62,1.92
2022-02-07,0.33,0.62,1.93
2022-02-08,0.33,0.61,1.91
2022-02-09,0.33,0.58,1.92
2022-02-10,0.33,0.42,1.91
2022-02-11,0.33,0.42,2.0
2022-02-14,0.33,0.4,2.0
2022-02-15,0.33,0.47,1.99
2022-02-16,0.33,0.51,2.05
2022-02-17,0.33,0.48,2.12
2022-02-18,0.33,0.45,2.13
2022-02-21,0.33,0.45,2.13
2022-02-22,0.33,0.38,2.13
2022-02-23,0.33,0.41,2.1
2022-02-24,0.33,0.42,2.24
2022-02-25,0.33,0.42,2.2
2022-02-28,0.33,0.39,2.34
2022-03-01,0.44,0.41,2.25
2022-03-02,0.44,0.36,2.24
2022-03-03,0.44,0.33,2.24
2022-03-04,0.44,0.24,2.31
2022-03-07,0.44,0.23,2.32
2022-03-08,0.44,0.23,2.35
2022-03-09,0.44,0.26,2.32
2022-03-10,0.44,0.26,2.38
2022-03-11,0.44,0.25,2.35
2022-03-14,0.44,0.27,2.33
2022-03-15,0.44,0.3,2.36
2022-03-16,0.44,0.24,2.23
2022-03-17,0.44,0.26,2.17
2022-03-18,0.44,0.17,2.14
2022-03-21,0.44,0.18,2.07
2022-03-22,0.44,0.2,2.05
2022-03-23,0.44,0.19,2.03
2022-03-24,0.44,0.21,2.01
2022-03-25,0.44,0.18,1.96
2022-03-28,0.44,0.11,1.94
2022-03-29,0.44,0.06,1.91
2022-03-30,0.44,0.04,1.93
2022-03-31,0.44,0.04,1.93
2022-04-01,0.76,-0.05,1.81
2022-04-04,0.76,-0.01,1.81
2022-04-05,0.76,0.03,1.77
2022-04-06,0.76,0.11,1.77
2022-04-07,0.76,0.19,1.78
2022-04-08,0.76,0.19,1.78
2022-04-11,0.76,0.29,1.82
2022-04-12,0.76,0.33,1.92
2022-04-13,0.76,0.33,1.94
2022-04-14,0.76,0.36,1.93
2022-04-15,0.76,0.36,1.93
2022-04-18,0.76,0.39,1.94
2022-04-19,0.76,0.32,1.91
2022-04-20,0.76,0.25,1.91
2022-04-21,0.76,0.22,1.93
2022-04-22,0.76,0.18,1.96
2022-04-25,0.76,0.18,2.03
2022-04-26,0.76,0.23,2.06
2022-04-27,0.76,0.24,2.05
2022-04-28,0.76,0.22,2.06
2022-04-29,0.76,0.19,2.05
2022-05-01,0.98,0.19,2.05
2022-05-02,0.98,0.26,2.08
2022-05-03,0.98,0.19,2.05
2022-05-04,0.98,0.27,2.08
2022-05-05,0.98,0.34,2.1
2022-05-06,0.98,0.4,2.09
2022-05-09,0.98,0.44,2.17
2022-05-10,0.98,0.37,2.16
2022-05-11,0.98,0.25,2.17
2022-05-12,0.98,0.28,2.2
2022-05-13,0.98,0.32,2.24
2022-05-16,0.98,0.3,2.29
2022-05-17,0.98,0.27,2.27
2022-05-18,0.98,0.21,2.31
2022-05-19,0.98,0.21,2.37
2022-05-20,0.98,0.18,2.36
2022-05-23,0.98,0.21,2.33
2022-05-24,0.98,0.26,2.34
2022-05-25,0.98,0.27,2.29
2022-05-26,0.98,0.29,2.25
2022-05-27,0.98,0.27,2.26
2022-05-30,0.98,0.27,2.26
2022-05-31,0.98,0.32,2.18
2022-06-01,1.49,0.28,2.08
2022-06-02,1.49,0.27,2.1
2022-06-03,1.49,0.3,2.09
2022-06-06,1.49,0.31,2.08
2022-06-07,1.49,0.23,2.07
2022-06-08,1.49,0.25,2.07
2022-06-09,1.49,0.21,2.07
2022-06-10,1.49,0.09,2.04
2022-06-13,1.49,0.03,1.98
2022-06-14,1.49,0.04,1.99
2022-06-15,1.49,0.13,2.1
2022-06-16,1.49,0.14,2.13
2022-06-17,1.49,0.08,2.13
2022-06-20,1.49,0.08,2.13
2022-06-21,1.49,0.1,2.13
2022-06-22,1.49,0.1,2.17
2022-06-23,1.49,0.08,2.2
2022-06-24,1.49,0.09,2.22
2022-06-27,1.49,0.12,2.19
2022-06-28,1.49,0.1,2.22
2022-06-29,1.49,0.04,2.24
2022-06-30,1.49,0.06,2.31
2022-07-01,2.23,0.04,2.42
2022-07-04,2.23,0.04,2.42
2022-07-05,2.23,0.0,2.41
2022-07-06,2.23,-0.04,2.39
2022-07-07,2.23,-0.02,2.33
2022-07-08,2.23,-0.03,2.31
2022-07-11,2.23,-0.08,2.32
2022-07-12,2.23,-0.07,2.31
2022-07-13,2.23,-0.22,2.32
2022-07-14,2.23,-0.19,2.31
2022-07-15,2.23,-0.2,2.3
2022-07-18,2.23,-0.19,2.28
2022-07-19,2.23,-0.22,2.26
2022-07-20,2.23,-0.21,2.2
2022-07-21,2.23,-0.19,2.23
2022-07-22,2.23,-0.21,2.28
2022-07-25,2.23,-0.19,2.31
2022-07-26,2.23,-0.21,2.29
2022-07-27,2.23,-0.18,2.3
2022-07-28,2.23,-0.17,2.42
2022-07-29,2.23,-0.22,2.36
2022-08-01,2.63,-0.3,2.38
2022-08-02,2.63,-0.31,2.29
2022-08-03,2.63,-0.37,2.29
2022-08-04,2.63,-0.35,2.32
2022-08-05,2.63,-0.41,2.29
2022-08-08,2.63,-0.44,2.26
2022-08-09,2.63,-0.48,2.26
2022-08-10,2.63,-0.45,2.29
2022-08-11,2.63,-0.36,2.29
2022-08-12,2.63,-0.41,2.27
2022-08-15,2.63,-0.41,2.27
2022-08-16,2.63,-0.43,2.27
2022-08-17,2.63,-0.39,2.24
2022-08-18,2.63,-0.34,2.24
2022-08-19,2.63,-0.27,2.25
2022-08-22,2.63,-0.29,2.24
2022-08-23,2.63,-0.24,2.24
2022-08-24,2.63,-0.25,2.23
2022-08-25,2.63,-0.32,2.21
2022-08-26,2.63,-0.33,2.19
2022-08-29,2.63,-0.3,2.19
2022-08-30,2.63,-0.35,2.17
2022-08-31,2.63,-0.3,2.18
2022-09-01,3.13,-0.25,2.22
2022-09-02,3.13,-0.2,2.24
2022-09-05,3.13,-0.2,2.24
2022-09-06,3.13,-0.17,2.27
2022-09-07,3.13,-0.18,2.24
2022-09-08,3.13,-0.19,2.25
2022-09-09,3.13,-0.23,2.2
2022-09-12,3.13,-0.21,2.2
2022-09-13,3.13,-0.33,2.18
2022-09-14,3.13,-0.37,2.15
2022-09-15,3.13,-0.42,2.12
2022-09-16,3.13,-0.4,2.18
2022-09-19,3.13,-0.46,2.15
2022-09-20,3.13,-0.39,2.13
2022-09-21,3.13,-0.51,2.12
2022-09-22,3.13,-0.41,2.08
2022-09-23,3.13,-0.51,2.09
2022-09-26,3.13,-0.39,2.01
2022-09-27,3.13,-0.33,2.08
2022-09-28,3.13,-0.35,2.25
2022-09-29,3.13,-0.4,2.27
2022-09-30,3.13,-0.39,2.24
2022-10-01,3.72,-0.39,2.24
2022-10-03,3.72,-0.45,2.29
2022-10-04,3.72,-0.48,2.27
2022-10-05,3.72,-0.39,2.22
2022-10-06,3.72,-0.4,2.16
2022-10-07,3.72,-0.41,2.17
2022-10-10,3.72,-0.41,2.17
2022-10-11,3.72,-0.37,2.23
2022-10-12,3.72,-0.37,2.27
2022-10-13,3.72,-0.5,2.28
2022-10-14,3.72,-0.48,2.28
2022-10-17,3.72,-0.43,2.28
2022-10-18,3.72,-0.42,2.28
2022-10-19,3.72,-0.41,2.25
2022-10-20,3.72,-0.38,2.24
2022-10-21,3.72,-0.28,2.36
2022-10-24,3.72,-0.25,2.34
2022-10-25,3.72,-0.32,2.37
2022-10-26,3.72,-0.35,2.33
2022-10-27,3.72,-0.34,2.34
2022-10-28,3.72,-0.39,2.3
2022-10-31,3.72,-0.41,2.28
2022-11-01,4.15,-0.47,2.22
2022-11-02,4.15,-0.51,2.18
2022-11-03,4.15,-0.57,2.19
2022-11-04,4.15,-0.49,2.22
2022-11-07,4.15,-0.5,2.22
2022-11-08,4.15,-0.53,2.23
2022-11-09,4.15,-0.49,2.33
2022-11-10,4.15,-0.52,2.36
2022-11-11,4.15,-0.52,2.36
2022-11-14,4.15,-0.52,2.27
2022-11-15,4.15,-0.57,2.23
2022-11-16,4.15,-0.68,2.24
2022-11-17,4.15,-0.66,2.18
2022-11-18,4.15,-0.69,2.13
2022-11-21,4.15,-0.65,2.08
2022-11-22,4.15,-0.71,2.07
2022-11-23,4.15,-0.75,2.02
2022-11-24,4.15,-0.75,2.02
2022-11-25,4.15,-0.74,2.06
2022-11-28,4.15,-0.77,2.05
2022-11-29,4.15,-0.73,2.06
2022-11-30,4.15,-0.7,2.15
2022-12-01,4.25,-0.72,2.09
2022-12-02,4.25,-0.77,2.03
2022-12-05,4.25,-0.81,1.99
2022-12-06,4.25,-0.83,1.97
2022-12-07,4.25,-0.84,1.95
2022-12-08,4.25,-0.83,1.91
2022-12-09,4.25,-0.76,1.9
2022-12-12,4.25,-0.78,1.88
2022-12-13,4.25,-0.71,1.91
2022-12-14,4.25,-0.74,1.95
2022-12-15,4.25,-0.79,1.97
2022-12-16,4.25,-0.69,1.98
2022-12-19,4.25,-0.68,1.98
2022-12-20,4.25,-0.56,1.99
2022-12-21,4.25,-0.53,2.01
2022-12-22,4.25,-0.57,1.99
2022-12-23,4.25,-0.56,2.0
2022-12-26,4.25,-0.56,2.0
2022-12-27,4.25,-0.48,2.02
2022-12-28,4.25,-0.43,2.01
2022-12-29,4.25,-0.51,2.01
2022-12-30,4.25,-0.53,1.99
2023-01-01,4.54,-0.53,1.99
2023-01-02,4.54,-0.53,1.99
2023-01-03,4.54,-0.61,2.03
2023-01-04,4.54,-0.67,2.07
2023-01-05,4.54,-0.74,2.03
2023-01-06,4.54,-0.69,2.07
2023-01-09,4.54,-0.66,2.02
2023-01-10,4.54,-0.63,2.02
2023-01-11,4.54,-0.66,1.99
2023-01-12,4.54,-0.69,1.97
2023-01-13,4.54,-0.73,1.95
2023-01-16,4.54,-0.73,1.95
2023-01-17,4.54,-0.65,1.91
2023-01-18,4.54,-0.69,1.96
2023-01-19,4.54,-0.7,1.99
2023-01-20,4.54,-0.66,1.98
2023-01-23,4.54,-0.69,1.96
2023-01-24,4.54,-0.66,1.94
2023-01-25,4.54,-0.65,1.96
2023-01-26,4.54,-0.68,1.91
2023-01-27,4.54,-0.67,1.88
2023-01-30,4.54,-0.7,1.87
2023-01-31,4.54,-0.69,1.9
2023-02-01,4.65,-0.7,1.91
2023-02-02,4.65,-0.69,1.88
2023-02-03,4.65,-0.77,1.83
2023-02-06,4.65,-0.81,1.77
2023-02-07,4.65,-0.8,1.78
2023-02-08,4.65,-0.82,1.83
2023-02-09,4.65,-0.81,1.84
2023-02-10,4.65,-0.76,1.85
2023-02-13,4.65,-0.8,1.84
2023-02-14,4.65,-0.83,1.81
2023-02-15,4.65,-0.81,1.82
2023-02-16,4.65,-0.76,1.84
2023-02-17,4.65,-0.78,1.89
2023-02-20,4.65,-0.78,1.89
2023-02-21,4.65,-0.72,1.87
2023-02-22,4.65,-0.73,1.85
2023-02-23,4.65,-0.78,1.86
2023-02-24,4.65,-0.83,1.86
2023-02-27,4.65,-0.86,1.87
2023-02-28,4.65,-0.89,1.9
2023-03-01,4.69,-0.88,1.84
2023-03-02,4.69,-0.81,1.82
2023-03-03,4.69,-0.89,1.79
2023-03-06,4.69,-0.91,1.79
2023-03-07,4.69,-1.03,1.79
2023-03-08,4.69,-1.07,1.79
2023-03-09,4.69,-0.97,1.85
2023-03-10,4.69,-0.9,1.96
2023-03-13,4.69,-0.48,2.14
2023-03-14,4.69,-0.56,2.11
2023-03-15,4.69,-0.42,2.22
2023-03-16,4.69,-0.58,2.16
2023-03-17,4.69,-0.42,2.21
2023-03-20,4.69,-0.45,2.19
2023-03-21,4.69,-0.58,2.11
2023-03-22,4.69,-0.48,2.16
2023-03-23,4.69,-0.38,2.26
2023-03-24,4.69,-0.38,2.24
2023-03-27,4.69,-0.41,2.19
2023-03-28,4.69,-0.47,2.19
2023-03-29,4.69,-0.51,2.15
2023-03-30,4.69,-0.55,2.11
2023-03-31,4.69,-0.58,2.11
2023-04-01,4.92,-0.58,2.11
2023-04-03,4.92,-0.54,2.11
2023-04-04,4.92,-0.49,2.1
2023-04-05,4.92,-0.49,2.14
2023-04-06,4.92,-0.52,2.11
2023-04-07,4.92,-0.58,2.11
2023-04-10,4.92,-0.59,2.09
2023-04-11,4.92,-0.6,2.05
2023-04-12,4.92,-0.54,2.08
2023-04-13,4.92,-0.51,2.07
2023-04-14,4.92,-0.56,2.05
2023-04-17,4.92,-0.58,2.02
2023-04-18,4.92,-0.61,2.01
2023-04-19,4.92,-0.64,2.01
2023-04-20,4.92,-0.6,2.05
2023-04-21,4.92,-0.6,2.04
2023-04-24,4.92,-0.6,2.04
2023-04-25,4.92,-0.46,2.09
2023-04-26,4.92,-0.47,2.11
2023-04-27,4.92,-0.54,2.07
2023-04-28,4.92,-0.6,2.08
2023-05-01,5.14,-0.55,2.06
2023-05-02,5.14,-0.53,2.16
2023-05-03,5.14,-0.51,2.2
2023-05-04,5.14,-0.38,2.24
2023-05-05,5.14,-0.48,2.2
2023-05-08,5.14,-0.48,2.2
2023-05-09,5.14,-0.48,2.21
2023-05-10,5.14,-0.47,2.26
2023-05-11,5.14,-0.5,2.25
2023-05-12,5.14,-0.52,2.21
2023-05-15,5.14,-0.49,2.27
2023-05-16,5.14,-0.52,2.28
2023-05-17,5.14,-0.55,2.26
2023-05-18,5.14,-0.59,2.2
2023-05-19,5.14,-0.58,2.18
2023-05-22,5.14,-0.57,2.19
2023-05-23,5.14,-0.56,2.19
2023-05-24,5.14,-0.58,2.18
2023-05-25,5.14,-0.67,2.1
2023-05-26,5.14,-0.74,2.1
2023-05-29,5.14,-0.74,2.1
2023-05-30,5.14,-0.77,2.14
2023-05-31,5.14,-0.76,2.16
2023-06-01,5.16,-0.72,2.15
2023-06-02,5.16,-0.81,2.11
2023-06-05,5.16,-0.77,2.1
2023-06-06,5.16,-0.81,2.08
2023-06-07,5.16,-0.77,2.06
2023-06-08,5.16,-0.79,2.07
2023-06-09,5.16,-0.84,2.05
2023-06-12,5.16,-0.82,2.1
2023-06-13,5.16,-0.83,2.0
2023-06-14,5.16,-0.91,1.94
2023-06-15,5.16,-0.9,2.02
2023-06-16,5.16,-0.93,1.96
2023-06-19,5.16,-0.93,1.96
2023-06-20,5.16,-0.94,1.95
2023-06-21,5.16,-0.96,1.96
2023-06-22,5.16,-0.97,1.94
2023-06-23,5.16,-0.97,1.96
2023-06-26,5.16,-0.93,1.98
2023-06-27,5.16,-0.97,1.94
2023-06-28,5.16,-1.0,1.96
2023-06-29,5.16,-1.02,1.92
2023-06-30,5.16,-1.06,1.88
2023-07-01,5.25,-1.06,1.88
2023-07-03,5.25,-1.08,1.85
2023-07-04,5.25,-1.08,1.85
2023-07-05,5.25,-0.99,1.83
2023-07-06,5.25,-0.94,1.8
2023-07-07,5.25,-0.88,1.81
2023-07-10,5.25,-0.84,1.86
2023-07-11,5.25,-0.89,1.84
2023-07-12,5.25,-0.86,1.88
2023-07-13,5.25,-0.83,1.91
2023-07-14,5.25,-0.91,1.87
2023-07-17,5.25,-0.93,1.9
2023-07-18,5.25,-0.94,1.89
2023-07-19,5.25,-0.99,1.87
2023-07-20,5.25,-0.95,1.85
2023-07-21,5.25,-0.98,1.85
2023-07-24,5.25,-0.95,1.84
2023-07-25,5.25,-0.94,1.81
2023-07-26,5.25,-0.96,1.83
2023-07-27,5.25,-0.9,1.78
2023-07-28,5.25,-0.91,1.8
2023-07-31,5.25,-0.91,1.77
2023-08-01,5.3,-0.87,1.77
2023-08-02,5.3,-0.8,1.82
2023-08-03,5.3,-0.7,1.84
2023-08-04,5.3,-0.73,1.9
2023-08-07,5.3,-0.67,1.9
2023-08-08,5.3,-0.72,1.93
2023-08-09,5.3,-0.79,1.92
2023-08-10,5.3,-0.73,1.89
2023-08-11,5.3,-0.73,1.87
2023-08-14,5.3,-0.77,1.84
2023-08-15,5.3,-0.71,1.86
2023-08-16,5.3,-0.69,1.84
2023-08-17,5.3,-0.64,1.87
2023-08-18,5.3,-0.66,1.89
2023-08-21,5.3,-0.63,1.88
2023-08-22,5.3,-0.68,1.82
2023-08-23,5.3,-0.76,1.83
2023-08-24,5.3,-0.75,1.8
2023-08-25,5.3,-0.78,1.76
2023-08-28,5.3,-0.78,1.82
2023-08-29,5.3,-0.75,1.84
2023-08-30,5.3,-0.78,1.82
2023-08-31,5.3,-0.76,1.83
2023-09-01,5.32,-0.69,1.82
2023-09-04,5.32,-0.69,1.82
2023-09-05,5.32,-0.67,1.84
2023-09-06,5.32,-0.71,1.79
2023-09-07,5.32,-0.67,1.81
2023-09-08,5.32,-0.72,1.79
2023-09-11,5.32,-0.68,1.8
2023-09-12,5.32,-0.71,1.79
2023-09-13,5.32,-0.71,1.81
2023-09-14,5.32,-0.71,1.8
2023-09-15,5.32,-0.69,1.78
2023-09-18,5.32,-0.73,1.77
2023-09-19,5.32,-0.71,1.75
2023-09-20,5.32,-0.77,1.73
2023-09-21,5.32,-0.63,1.66
2023-09-22,5.32,-0.66,1.73
2023-09-25,5.32,-0.54,1.75
2023-09-26,5.32,-0.48,1.77
2023-09-27,5.32,-0.49,1.77
2023-09-28,5.32,-0.45,1.8
2023-09-29,5.32,-0.44,1.78
2023-10-01,5.34,-0.44,1.78
2023-10-02,5.34,-0.43,1.78
2023-10-03,5.34,-0.34,1.82
2023-10-04,5.34,-0.32,1.83
2023-10-05,5.34,-0.31,1.85
2023-10-06,5.34,-0.3,1.84
2023-10-09,5.34,-0.3,1.84
2023-10-10,5.34,-0.3,1.83
2023-10-11,5.34,-0.41,1.82
2023-10-12,5.34,-0.36,1.83
2023-10-13,5.34,-0.41,1.82
2023-10-16,5.34,-0.38,1.83
2023-10-17,5.34,-0.36,1.8
2023-10-18,5.34,-0.28,1.78
2023-10-19,5.34,-0.16,1.82
2023-10-20,5.34,-0.14,1.88
2023-10-23,5.34,-0.19,1.85
2023-10-24,5.34,-0.19,1.84
2023-10-25,5.34,-0.13,1.83
2023-10-26,5.34,-0.16,1.82
2023-10-27,5.34,-0.15,1.88
2023-10-30,5.34,-0.15,1.86
2023-10-31,5.34,-0.19,1.85
2023-11-01,5.27,-0.18,1.91
2023-11-02,5.27,-0.31,1.84
2023-11-03,5.27,-0.26,1.86
2023-11-06,5.27,-0.26,1.84
2023-11-07,5.27,-0.33,1.83
2023-11-08,5.27,-0.44,1.84
2023-11-09,5.27,-0.41,1.83
2023-11-10,5.27,-0.43,1.8
2023-11-13,5.27,-0.39,1.79
2023-11-14,5.27,-0.36,1.83
2023-11-15,5.27,-0.37,1.8
2023-11-16,5.27,-0.38,1.81
2023-11-17,5.27,-0.44,1.78
2023-11-20,5.27,-0.47,1.76
2023-11-21,5.27,-0.45,1.77
2023-11-22,5.27,-0.47,1.71
2023-11-23,5.27,-0.47,1.71
2023-11-24,5.27,-0.45,1.72
2023-11-27,5.27,-0.45,1.71
2023-11-28,5.27,-0.39,1.75
2023-11-29,5.27,-0.37,1.72
2023-11-30,5.27,-0.36,1.67
2023-12-01,5.24,-0.34,1.71
2023-12-04,5.24,-0.36,1.67
2023-12-05,5.24,-0.39,1.65
2023-12-06,5.24,-0.48,1.63
2023-12-07,5.24,-0.44,1.63
2023-12-08,5.24,-0.48,1.61
2023-12-11,5.24,-0.48,1.61
2023-12-12,5.24,-0.53,1.6
2023-12-13,5.24,-0.42,1.61
2023-12-14,5.24,-0.45,1.57
2023-12-15,5.24,-0.53,1.57
2023-12-18,5.24,-0.48,1.58
2023-12-19,5.24,-0.48,1.57
2023-12-20,5.24,-0.48,1.63
2023-12-21,5.24,-0.44,1.64
2023-12-22,5.24,-0.41,1.65
2023-12-25,5.24,-0.41,1.65
2023-12-26,5.24,-0.37,1.64
2023-12-27,5.24,-0.41,1.64
2023-12-28,5.24,-0.42,1.62
2023-12-29,5.24,-0.35,1.61
2024-01-01,5.22,-0.35,1.61
2024-01-02,5.22,-0.38,1.62
2024-01-03,5.22,-0.42,1.66
2024-01-04,5.22,-0.39,1.65
2024-01-05,5.22,-0.35,1.65
2024-01-08,5.22,-0.35,1.65
2024-01-09,5.22,-0.34,1.63
2024-01-10,5.22,-0.33,1.59
2024-01-11,5.22,-0.28,1.63
2024-01-12,5.22,-0.18,1.64
2024-01-15,5.22,-0.18,1.64
2024-01-16,5.22,-0.15,1.65
2024-01-17,5.22,-0.24,1.63
2024-01-18,5.22,-0.2,1.62
2024-01-19,5.22,-0.24,1.59
2024-01-22,5.22,-0.26,1.59
2024-01-23,5.22,-0.17,1.62
2024-01-24,5.22,-0.16,1.61
2024-01-25,5.22,-0.14,1.6
2024-01-26,5.22,-0.19,1.58
2024-01-29,5.22,-0.21,1.6
2024-01-30,5.22,-0.3,1.58
2024-01-31,5.22,-0.28,1.61
2024-02-01,5.24,-0.33,1.63
2024-02-02,5.24,-0.33,1.59
2024-02-05,5.24,-0.29,1.56
2024-02-06,5.24,-0.3,1.58
2024-02-07,5.24,-0.32,1.6
2024-02-08,5.24,-0.31,1.6
2024-02-09,5.24,-0.31,1.59
2024-02-12,5.24,-0.29,1.58
2024-02-13,5.24,-0.33,1.54
2024-02-14,5.24,-0.29,1.56
2024-02-15,5.24,-0.32,1.57
2024-02-16,5.24,-0.34,1.53
2024-02-19,5.24,-0.34,1.53
2024-02-20,5.24,-0.32,1.56
2024-02-21,5.24,-0.32,1.54
2024-02-22,5.24,-0.36,1.49
2024-02-23,5.24,-0.41,1.49
2024-02-26,5.24,-0.41,1.53
2024-02-27,5.24,-0.39,1.53
2024-02-28,5.24,-0.37,1.55
2024-02-29,5.24,-0.39,1.55
2024-03-01,5.24,-0.35,1.57
2024-03-04,5.24,-0.39,1.57
2024-03-05,5.24,-0.41,1.59
2024-03-06,5.24,-0.44,1.57
2024-03-07,5.24,-0.41,1.59
2024-03-08,5.24,-0.39,1.59
2024-03-11,5.24,-0.41,1.59
2024-03-12,5.24,-0.42,1.55
2024-03-13,5.24,-0.42,1.55
2024-03-14,5.24,-0.39,1.53
2024-03-15,5.24,-0.41,1.49
2024-03-18,5.24,-0.39,1.49
2024-03-19,5.24,-0.38,1.5
2024-03-20,5.24,-0.32,1.56
2024-03-21,5.24,-0.35,1.53
2024-03-22,5.24,-0.37,1.53
2024-03-25,5.24,-0.29,1.53
2024-03-26,5.24,-0.32,1.53
2024-03-27,5.24,-0.34,1.54
2024-03-28,5.24,-0.39,1.5
2024-03-29,5.24,-0.39,1.5
2024-04-01,5.24,-0.39,1.49
2024-04-02,5.24,-0.34,1.51
2024-04-03,5.24,-0.32,1.49
2024-04-04,5.24,-0.34,1.51
2024-04-05,5.24,-0.34,1.49
2024-04-08,5.24,-0.36,1.46
2024-04-09,5.24,-0.38,1.44
2024-04-10,5.24,-0.42,1.4
2024-04-11,5.24,-0.37,1.41
2024-04-12,5.24,-0.38,1.45
2024-04-15,5.24,-0.3,1.46
2024-04-16,5.24,-0.3,1.46
2024-04-17,5.24,-0.34,1.48
2024-04-18,5.24,-0.34,1.47
2024-04-19,5.24,-0.35,1.46
2024-04-22,5.24,-0.35,1.46
2024-04-23,5.24,-0.25,1.46
2024-04-24,5.24,-0.24,1.48
2024-04-25,5.24,-0.26,1.47
2024-04-26,5.24,-0.29,1.45
2024-04-29,5.24,-0.34,1.45
2024-04-30,5.24,-0.35,1.44
2024-05-01,5.25,-0.33,1.43
2024-05-02,5.25,-0.29,1.47
2024-05-03,5.25,-0.31,1.49
2024-05-06,5.25,-0.33,1.47
2024-05-07,5.25,-0.35,1.45
2024-05-08,5.25,-0.36,1.47
2024-05-09,5.25,-0.35,1.48
2024-05-10,5.25,-0.37,1.48
2024-05-13,5.25,-0.37,1.48
2024-05-14,5.25,-0.36,1.48
2024-05-15,5.25,-0.37,1.49
2024-05-16,5.25,-0.4,1.47
2024-05-17,5.25,-0.41,1.48
2024-05-20,5.25,-0.38,1.47
2024-05-21,5.25,-0.41,1.48
2024-05-22,5.25,-0.43,1.46
2024-05-23,5.25,-0.44,1.45
2024-05-24,5.25,-0.47,1.46
2024-05-27,5.25,-0.47,1.46
2024-05-28,5.25,-0.4,1.45
2024-05-29,5.25,-0.35,1.47
2024-05-30,5.25,-0.37,1.46
2024-05-31,5.25,-0.38,1.46
2024-06-01,5.24,-0.38,1.46
2024-06-03,5.24,-0.41,1.47
2024-06-04,5.24,-0.44,1.49
2024-06-05,5.24,-0.43,1.53
2024-06-06,5.24,-0.44,1.5
2024-06-07,5.24,-0.44,1.46
2024-06-10,5.24,-0.4,1.46
2024-06-11,5.24,-0.42,1.48
2024-06-12,5.24,-0.44,1.48
2024-06-13,5.24,-0.44,1.51
2024-06-14,5.24,-0.47,1.53
2024-06-17,5.24,-0.47,1.52
2024-06-18,5.24,-0.47,1.52
2024-06-19,5.24,-0.47,1.52
2024-06-20,5.24,-0.45,1.54
2024-06-21,5.24,-0.45,1.55
2024-06-24,5.24,-0.46,1.53
2024-06-25,5.24,-0.42,1.55
2024-06-26,5.24,-0.39,1.55
2024-06-27,5.24,-0.41,1.55
2024-06-28,5.24,-0.35,1.55
2024-07-01,5.24,-0.29,1.55
2024-07-02,5.24,-0.31,1.56
2024-07-03,5.24,-0.35,1.53
2024-07-04,5.24,-0.35,1.53
2024-07-05,5.24,-0.32,1.53
